-- phpMyAdmin SQL Dump
-- version 4.9.7
-- https://www.phpmyadmin.net/
--
-- Host: localhost:3306
-- Generation Time: May 24, 2022 at 06:11 PM
-- Server version: 5.6.51-cll-lve
-- PHP Version: 7.3.32

SET SQL_MODE = "NO_AUTO_VALUE_ON_ZERO";
SET AUTOCOMMIT = 0;
START TRANSACTION;
SET time_zone = "+00:00";


/*!40101 SET @OLD_CHARACTER_SET_CLIENT=@@CHARACTER_SET_CLIENT */;
/*!40101 SET @OLD_CHARACTER_SET_RESULTS=@@CHARACTER_SET_RESULTS */;
/*!40101 SET @OLD_COLLATION_CONNECTION=@@COLLATION_CONNECTION */;
/*!40101 SET NAMES utf8mb4 */;

--
-- Database: `tzdesign_animaltracker`
--

-- --------------------------------------------------------

--
-- Table structure for table `track_animals`
--

CREATE TABLE `track_animals` (
  `id` int(13) NOT NULL,
  `user_id` int(13) NOT NULL,
  `name` varchar(64) NOT NULL,
  `type` varchar(64) NOT NULL,
  `description` text NOT NULL,
  `img` varchar(256) NOT NULL,
  `date_create` datetime NOT NULL
) ENGINE=InnoDB DEFAULT CHARSET=latin1;

--
-- Dumping data for table `track_animals`
--

INSERT INTO `track_animals` (`id`, `user_id`, `name`, `type`, `description`, `img`, `date_create`) VALUES
(1, 1, 'Chase', 'Rabbit', 'Deserunt quis quis commodo non ullamco dolor qui. Culpa ad laboris laborum elit qui eiusmod laborum.', 'https://via.placeholder.com/400/876/fff/?text=Chase', '2022-03-07 11:30:54'),
(2, 4, 'Bailey', 'Skunk', 'Eu culpa sit laborum est reprehenderit tempor non deserunt. Et culpa tempor nulla in sit in non eiusmod proident adipisicing voluptate ad labore anim.', 'https://via.placeholder.com/400/843/fff/?text=Bailey', '2022-01-05 05:24:59'),
(3, 4, 'Paule', 'Raccoon', 'Occaecat duis proident exercitation sit et nisi esse. Ad ut exercitation non laboris cillum minim minim tempor sunt.', 'https://via.placeholder.com/400/918/fff/?text=Paulette', '2022-04-01 07:51:07'),
(4, 8, 'Gamble', 'Coyote', 'Nostrud aliquip officia voluptate nulla. In labore laborum sit Lorem deserunt sunt eiusmod amet voluptate laborum et dolor amet magna.', 'https://via.placeholder.com/400/862/fff/?text=Gamble', '2022-03-15 06:00:19'),
(5, 4, 'Dollie', 'Fox', 'Consequat elit voluptate non et tempor voluptate labore ea nulla dolor elit ullamco commodo ipsum. In ea do eiusmod labore reprehenderit fugiat quis officia veniam dolor ut minim mollit do.', 'https://via.placeholder.com/400/966/fff/?text=Dollie', '2022-02-01 07:24:07'),
(6, 10, 'Ashley', 'Skunk', 'Adipisicing eu occaecat nulla mollit ad mollit elit ut qui. Eiusmod sunt ullamco mollit sint in est ipsum sit voluptate occaecat aliquip Lorem.', 'https://via.placeholder.com/400/935/fff/?text=Ashley', '2022-03-08 12:40:43'),
(7, 2, 'Paul', 'Fox', 'Aute do cupidatat elit proident excepteur proident veniam nisi laborum. Cupidatat cupidatat in quis cillum mollit quis consectetur anim quis non excepteur excepteur.', 'https://via.placeholder.com/400/826/fff/?text=Paul', '2022-02-09 12:59:43'),
(8, 9, 'Pratt', 'bird', 'Dolore quis excepteur consectetur nostrud sint nostrud adipisicing. Veniam labore ut voluptate ut qui laboris officia adipisicing sint fugiat amet magna velit.', 'https://via.placeholder.com/400/830/fff/?text=Pratt', '2022-01-07 05:30:12'),
(9, 3, 'Kramer', 'Raccoon', 'Dolor velit nostrud eiusmod fugiat. Eu velit duis sint ut enim labore ex ad do fugiat ex eu.', 'https://via.placeholder.com/400/755/fff/?text=Kramer', '2022-03-26 09:27:01'),
(10, 3, 'Stafford', 'Rabbit', 'Ea mollit fugiat anim adipisicing nulla irure veniam labore excepteur. Dolore exercitation nisi duis veniam.', 'https://via.placeholder.com/400/907/fff/?text=Stafford', '2022-02-11 05:51:03'),
(11, 3, 'Huff', 'Skunk', 'Enim eu veniam sit proident duis cupidatat adipisicing cupidatat cupidatat qui deserunt. Cupidatat amet quis laborum dolore elit aliquip enim aute adipisicing nostrud proident pariatur irure.', 'https://via.placeholder.com/400/727/fff/?text=Huff', '2022-02-15 08:22:16'),
(12, 3, 'Mckee', 'Rabbit', 'Eiusmod anim officia tempor consectetur deserunt nisi ipsum commodo commodo ut dolore. Nulla laborum esse cupidatat et.', 'https://via.placeholder.com/400/933/fff/?text=Mckee', '2022-03-11 12:23:09'),
(13, 3, 'Hartman', 'bird', 'Fugiat nostrud excepteur minim eu est in do sit eiusmod magna. Culpa ex eu consequat aliquip ad amet voluptate deserunt proident amet deserunt amet excepteur et.', 'https://via.placeholder.com/400/720/fff/?text=Hartman', '2022-03-02 09:07:46'),
(14, 6, 'Mendoza', 'Otter', 'Incididunt ut et consectetur laboris ea exercitation commodo fugiat est ipsum occaecat. In amet elit minim adipisicing proident dolore incididunt ea est reprehenderit est ex.', '', '2022-01-05 12:43:06'),
(15, 8, 'Gentry', 'Raccoon', 'Exercitation veniam sit mollit non cupidatat. Nisi nostrud cillum reprehenderit in consectetur aliquip aliquip sunt velit exercitation.', 'https://via.placeholder.com/400/789/fff/?text=Gentry', '2022-02-01 11:36:35'),
(16, 9, 'Dolores', 'Rabbit', 'Dolor elit pariatur Lorem laborum reprehenderit. Ut veniam ea ut ex.', 'https://via.placeholder.com/400/757/fff/?text=Dolores', '2022-03-18 06:07:42'),
(17, 1, 'Carmella', 'Coyote', 'Officia nisi commodo voluptate Lorem voluptate mollit consequat. Laborum excepteur magna adipisicing veniam magna incididunt nisi et deserunt.', 'https://via.placeholder.com/400/915/fff/?text=Carmella', '2022-02-18 09:27:17'),
(18, 1, 'Alta', 'Skunk ', 'Non incididunt dolor incididunt anim pariatur reprehenderit. Reprehenderit sunt duis reprehenderit eu enim anim ut in minim excepteur anim.', 'https://via.placeholder.com/400/769/fff/?text=Alta', '2022-03-06 04:29:50'),
(19, 6, 'Kimberley', 'Coyote', 'Ipsum officia laborum in sit occaecat. Sunt ad incididunt id aliqua.', 'https://via.placeholder.com/400/903/fff/?text=Kimberley', '2022-02-08 07:54:38'),
(20, 5, 'Dionne', 'bird', 'Eiusmod velit ullamco et quis nostrud dolor tempor exercitation sunt. Eiusmod occaecat ullamco ipsum irure aute aute cillum nostrud nostrud magna duis dolore commodo veniam.', 'https://via.placeholder.com/400/889/fff/?text=Dionne', '2022-01-22 01:47:00'),
(21, 10, 'Finch', 'Coyote', 'Excepteur quis qui nostrud labore labore ea aliquip enim incididunt incididunt. Exercitation veniam culpa commodo id.', 'https://via.placeholder.com/400/822/fff/?text=Finch', '2022-04-04 03:37:55'),
(22, 5, 'Dominguez', 'Rabbit', 'Cillum id culpa dolor occaecat voluptate elit. Incididunt nostrud incididunt nostrud laboris ipsum amet aliqua proident.', 'https://via.placeholder.com/400/729/fff/?text=Dominguez', '2022-01-26 04:04:51'),
(23, 6, 'Holden', 'Rabbit', 'Sint reprehenderit ut voluptate elit sint in. Ea consequat commodo consequat do pariatur veniam fugiat excepteur proident esse in reprehenderit excepteur eiusmod.', 'https://via.placeholder.com/400/869/fff/?text=Holden', '2022-02-27 03:59:10'),
(24, 4, 'Karina', 'Raccoon', 'Dolore nulla eu eu nisi irure dolore proident veniam nisi est esse. Sunt eiusmod aute commodo fugiat culpa tempor enim eu ipsum voluptate anim enim occaecat.', 'https://via.placeholder.com/400/883/fff/?text=Karina', '2022-02-19 12:53:15'),
(25, 7, 'Jeri', 'Skunk', 'Do mollit enim veniam aute in nostrud cillum est non fugiat reprehenderit ullamco. Sunt deserunt reprehenderit aliquip cillum deserunt quis cupidatat nulla exercitation.', 'https://via.placeholder.com/400/926/fff/?text=Jeri', '2022-03-17 10:48:52'),
(26, 9, 'Peggy', 'Raccoon', 'Officia ut nisi officia cupidatat cupidatat in tempor. Do incididunt ad in nulla.', 'https://via.placeholder.com/400/978/fff/?text=Peggy', '2022-04-02 08:52:26'),
(27, 10, 'Michelle', 'Fox', 'Exercitation incididunt anim minim minim et magna laborum commodo laborum irure in voluptate et. Ea ullamco quis Lorem cillum commodo magna magna voluptate.', 'https://via.placeholder.com/400/758/fff/?text=Michelle', '2022-03-30 03:54:32'),
(28, 8, 'Castillo', 'Rabbit', 'Ex duis ullamco cillum minim. Irure ex consequat anim deserunt aute.', 'https://via.placeholder.com/400/843/fff/?text=Castillo', '2022-03-10 01:09:56'),
(29, 3, 'Clara', 'Coyote', 'Tempor nisi nisi non velit culpa sint deserunt eu aute ut do enim nisi. Enim nulla Lorem aute culpa velit deserunt nulla ut labore laboris.', 'https://via.placeholder.com/400/878/fff/?text=Clara', '2022-02-03 08:07:43'),
(30, 2, 'Sophie', 'Fox', 'Laborum ea quis nulla Lorem. Id ut laborum consequat qui nostrud velit irure.', 'https://via.placeholder.com/400/991/fff/?text=Sophie', '2022-02-12 05:38:34'),
(31, 8, 'Sexton', 'Raccoon', 'Non aliqua do incididunt voluptate elit in incididunt ullamco cupidatat anim. Magna anim commodo fugiat nostrud commodo.', 'https://via.placeholder.com/400/972/fff/?text=Sexton', '2022-02-18 10:12:27'),
(32, 2, 'Tyson', 'Coyote', 'In labore sit et magna adipisicing labore ut. Officia aute Lorem consequat aliqua in ullamco adipisicing laboris commodo proident labore aliqua.', 'https://via.placeholder.com/400/917/fff/?text=Tyson', '2022-01-05 02:09:18'),
(33, 8, 'Marjorie', 'Raccoon', 'Cupidatat deserunt velit irure dolor nostrud sunt. Ullamco excepteur proident nostrud do voluptate labore enim incididunt occaecat qui officia in mollit aute.', 'https://via.placeholder.com/400/774/fff/?text=Marjorie', '2022-03-01 07:22:17'),
(34, 8, 'Jeannine', 'Coyote', 'Pariatur nulla labore magna sunt enim nulla voluptate ut. Eu id deserunt voluptate id fugiat enim commodo exercitation.', 'https://via.placeholder.com/400/932/fff/?text=Jeannine', '2022-01-11 12:08:36'),
(35, 7, 'Craig', 'Coyote', 'Laborum eu elit enim enim quis irure nulla qui. Reprehenderit eiusmod et commodo amet esse cupidatat.', 'https://via.placeholder.com/400/702/fff/?text=Craig', '2022-01-17 03:21:44'),
(36, 7, 'Loraine', 'Fox', 'Labore duis proident laboris proident adipisicing excepteur ullamco nostrud non eiusmod ut in ea. Aliqua do eiusmod cupidatat pariatur.', 'https://via.placeholder.com/400/835/fff/?text=Loraine', '2022-01-02 07:24:13'),
(37, 5, 'May', 'Fox', 'Amet pariatur in ipsum eu culpa nulla. Ut ea nisi fugiat aliquip nisi amet.', 'https://via.placeholder.com/400/812/fff/?text=May', '2022-01-12 06:42:39'),
(38, 7, 'Lindsey', 'Coyote', 'Exercitation eiusmod laboris ea tempor et pariatur pariatur aliqua incididunt qui ea sit elit. Proident anim ex minim anim.', 'https://via.placeholder.com/400/944/fff/?text=Lindsey', '2022-01-16 07:43:40'),
(39, 4, 'Douglas', 'Fox', 'Nisi sint proident qui ex sunt. Aliqua tempor mollit elit ad velit anim tempor culpa.', 'https://via.placeholder.com/400/829/fff/?text=Douglas', '2022-01-05 07:48:56'),
(40, 10, 'Vera', 'Raccoon', 'Tempor nostrud velit voluptate sint pariatur. Reprehenderit proident culpa aliqua pariatur.', 'https://via.placeholder.com/400/821/fff/?text=Vera', '2022-03-24 03:13:17'),
(41, 9, 'Glover', 'Rabbit', 'Voluptate id cupidatat velit aute labore nostrud. Quis est esse culpa culpa.', 'https://via.placeholder.com/400/851/fff/?text=Glover', '2022-01-25 10:37:58'),
(42, 8, 'Therese', 'Rabbit', 'Velit est laborum proident quis esse nisi eu ad consectetur labore commodo incididunt. Laboris commodo eiusmod consectetur ullamco cillum anim mollit ipsum voluptate ad labore.', 'https://via.placeholder.com/400/930/fff/?text=Therese', '2022-03-13 04:52:09'),
(43, 6, 'Matilda', 'Coyote', 'In Lorem ullamco aliquip elit velit nisi aliquip. Nulla commodo dolor proident est reprehenderit adipisicing nisi sit mollit sit magna esse sunt pariatur.', 'https://via.placeholder.com/400/961/fff/?text=Matilda', '2022-04-04 09:56:17'),
(44, 10, 'Wynn', 'Fox', 'Adipisicing labore ea sit deserunt aliquip. Elit commodo mollit ipsum commodo.', 'https://via.placeholder.com/400/935/fff/?text=Wynn', '2022-01-03 11:34:01'),
(45, 2, 'Lawrence', 'Coyote', 'Laborum voluptate proident deserunt amet. Incididunt ea labore fugiat quis enim non sit officia non.', 'https://via.placeholder.com/400/923/fff/?text=Lawrence', '2022-04-10 05:52:19'),
(46, 3, 'Rose', 'Fox', 'Sit adipisicing deserunt commodo laborum deserunt eiusmod irure eu minim quis anim. Commodo culpa non mollit laborum fugiat nostrud reprehenderit aute non magna in ea voluptate.', 'https://via.placeholder.com/400/828/fff/?text=Rose', '2022-03-09 02:00:40'),
(47, 8, 'Estela', 'Coyote', 'Adipisicing ut enim labore cillum velit occaecat non commodo proident culpa amet sint ad. Nisi incididunt exercitation elit laborum aliquip nostrud aute nulla enim nulla fugiat voluptate non ea.', 'https://via.placeholder.com/400/921/fff/?text=Estela', '2022-03-25 01:13:27'),
(48, 4, 'Goldie', 'bird', 'Consequat nulla nostrud laboris ullamco incididunt dolore cillum commodo adipisicing. Reprehenderit ipsum do dolore culpa fugiat aute incididunt qui officia sit quis adipisicing elit.', 'https://via.placeholder.com/400/988/fff/?text=Goldie', '2022-03-07 06:51:20'),
(49, 4, 'Ester', 'Skunk', 'Est deserunt commodo sint minim consequat aliquip mollit id ea id ad dolor. Non Lorem eiusmod dolore cupidatat ad ex adipisicing voluptate irure enim.', 'https://via.placeholder.com/400/917/fff/?text=Ester', '2022-03-31 05:05:29'),
(50, 2, 'Puckett', 'Fox', 'Veniam enim culpa sit nulla consectetur. Ex pariatur magna eiusmod ullamco mollit mollit magna ullamco voluptate aute id sit dolor est.', 'https://via.placeholder.com/400/890/fff/?text=Puckett', '2022-02-07 01:00:14'),
(54, 4, 'dgfh', 'dbsdv', 'cSDVSDVSDV', 'https://via.placeholder.com/400/?text=ANIMAL', '2022-05-04 14:57:14'),
(55, 4, '1234', 'dbsdv', 'sdvbbfnfnb', 'https://via.placeholder.com/400/?text=ANIMAL', '2022-05-04 15:01:55'),
(56, 4, 'asdvsdv', 'cxc', 'xxx', 'https://via.placeholder.com/400/?text=ANIMAL', '2022-05-04 15:02:13'),
(57, 4, '123456', 'dfgdf', 'hhhh', 'https://via.placeholder.com/400/?text=ANIMAL', '2022-05-04 15:02:44'),
(58, 4, 'www', 'eee', 'rrr', 'https://via.placeholder.com/400/?text=ANIMAL', '2022-05-04 15:03:51'),
(59, 4, '111', '222', '333', 'https://via.placeholder.com/400/?text=ANIMAL', '2022-05-04 15:44:56'),
(61, 11, 'Red fox', 'Fox', 'walking around the high school.', 'https://via.placeholder.com/400/?text=ANIMAL', '2022-05-09 22:07:42'),
(62, 11, '123wee', '333', '234234', 'https://via.placeholder.com/400/?text=ANIMAL', '2022-05-09 22:09:56'),
(65, 1, 'marmot', 'marmot', 'cute', 'uploads/1653382278.4262_DD97ACBA-CC16-4CA3-86CD-BFDDC7063A6C.jpeg', '2022-05-17 17:21:14'),
(66, 3, 'asd', 'ddd', 'aAF', 'uploads/1653420475.2061_paw.png', '2022-05-24 12:28:00'),
(67, 12, 'groundhog', 'Marmot', 'a giant North American ground squirrel', 'uploads/1653426979.52_y-s-WmUFeOKWJeo-unsplash.jpg', '2022-05-24 14:20:22'),
(68, 12, 'Red fox', 'fox', ' fluffy white-tipped tail', 'uploads/1653429152.2256_fox.jpg', '2022-05-24 14:53:26'),
(69, 12, 'Coyote', 'Coyote', 'Not wolf', 'uploads/1653431802.815_coyote.jpg', '2022-05-24 15:38:53'),
(70, 12, 'Sika deer', 'deer', 'Sika has spots in summer and is larger than roe.', 'uploads/1653432074.7009_deer.jpg', '2022-05-24 15:42:52'),
(71, 12, 'American robin', 'bird', 'bird spot', 'uploads/1653432249.4099_bird.jpg', '2022-05-24 15:46:31'),
(72, 12, 'Hummingbird', 'bird', 'A hummingbird mid-flight during sunrise golden hour.', 'uploads/1653432660.1661_mark-olsen-KNFtG1BleEU-unsplash.jpg', '2022-05-24 15:51:21'),
(73, 12, 'Small Raccoon', 'Raccoon', 'A juvenile raccoon', 'uploads/1653433032.4869_bryan-debin-EJPlmH1F6c8-unsplash.jpg', '2022-05-24 16:01:09'),
(74, 13, 'rainbow cat', 'cat', 'cute cat', 'uploads/1653436088.4156_E63A58BB-4263-407D-8646-E2E1195E4240.jpeg', '2022-05-24 16:48:27'),
(75, 12, 'hedgehog', 'hedgehog', 'hedgehog family', 'uploads/1653436227.228_hedgehog.webp', '2022-05-24 16:51:00');

-- --------------------------------------------------------

--
-- Table structure for table `track_locations`
--

CREATE TABLE `track_locations` (
  `id` int(13) NOT NULL,
  `animal_id` int(13) NOT NULL,
  `lat` decimal(8,6) NOT NULL,
  `lng` decimal(9,6) NOT NULL,
  `description` text NOT NULL,
  `photo` varchar(256) NOT NULL,
  `icon` varchar(256) NOT NULL,
  `date_create` datetime NOT NULL
) ENGINE=InnoDB DEFAULT CHARSET=latin1;

--
-- Dumping data for table `track_locations`
--

INSERT INTO `track_locations` (`id`, `animal_id`, `lat`, `lng`, `description`, `photo`, `icon`, `date_create`) VALUES
(1, 25, 37.759226, -122.473230, 'Deserunt et ullamco elit dolor sit ad laboris deserunt occaecat esse pariatur qui in. Aliqua enim ex esse ad. Ipsum fugiat mollit commodo velit occaecat exercitation dolor consectetur aliquip laboris et.', 'https://via.placeholder.com/400/', 'https://via.placeholder.com/400/?text=ICON', '2022-03-12 03:21:30'),
(2, 26, 37.744586, -122.408828, 'Proident nisi occaecat exercitation ea sunt consectetur ullamco. Sit ut Lorem est excepteur ex est. Ut excepteur ipsum eu ipsum velit.', 'https://via.placeholder.com/400/', 'https://via.placeholder.com/400/?text=ICON', '2022-03-27 09:02:48'),
(3, 16, 37.737785, -122.399338, 'Elit veniam ipsum veniam id quis nostrud ut et sunt est eu. Quis cupidatat deserunt aliquip minim eiusmod nostrud laboris consequat id adipisicing. Id labore esse velit exercitation est anim consequat enim reprehenderit non veniam mollit duis.', 'https://via.placeholder.com/400/', 'https://via.placeholder.com/400/?text=ICON', '2022-04-05 08:19:01'),
(4, 8, 37.713654, -122.484170, 'Tempor sint mollit in sit pariatur. Officia eiusmod sit mollit minim laborum occaecat consectetur sunt. Proident amet consequat culpa ut cillum occaecat pariatur ullamco incididunt.', 'https://via.placeholder.com/400/', 'https://via.placeholder.com/400/?text=ICON', '2022-02-01 05:28:37'),
(5, 30, 37.750559, -122.503773, 'Nulla mollit pariatur eu cupidatat voluptate duis dolore do duis. Qui minim sint mollit aliqua. Consectetur nulla cupidatat adipisicing reprehenderit nisi sit eiusmod exercitation sunt.', 'https://via.placeholder.com/400/', 'https://via.placeholder.com/400/?text=ICON', '2022-02-03 11:09:27'),
(6, 11, 37.772311, -122.397002, 'Officia sit eu amet qui enim. Commodo ad commodo mollit laboris ad non. Eu sunt ad labore ipsum dolor magna occaecat ipsum est labore voluptate exercitation.', 'https://via.placeholder.com/400/', 'https://via.placeholder.com/400/?text=ICON', '2022-04-03 02:49:15'),
(7, 6, 37.713801, -122.445947, 'Pariatur eiusmod occaecat dolor irure eu occaecat dolor tempor cillum officia. Lorem ullamco adipisicing anim ad exercitation sint enim fugiat est ad proident ex dolore. Sint dolore exercitation laboris minim cillum id proident consequat nostrud.', 'https://via.placeholder.com/400/', 'https://via.placeholder.com/400/?text=ICON', '2022-01-30 07:32:04'),
(8, 11, 37.799069, -122.459335, 'Irure tempor occaecat ullamco ipsum id minim reprehenderit in aliquip cillum pariatur amet. Reprehenderit officia qui ut duis voluptate. Mollit in ut officia deserunt amet esse tempor non deserunt commodo.', 'https://via.placeholder.com/400/', 'https://via.placeholder.com/400/?text=ICON', '2022-03-12 02:31:58'),
(9, 44, 37.777433, -122.399931, 'Sint adipisicing velit culpa proident quis consectetur ex do est voluptate. Mollit elit est eiusmod labore Lorem ut in sint in pariatur sint ex. Eu ea dolore cupidatat nostrud anim esse ea.', 'https://via.placeholder.com/400/', 'https://via.placeholder.com/400/?text=ICON', '2022-03-13 04:08:03'),
(10, 3, 37.743028, -122.499253, 'Officia tempor nulla ut elit exercitation officia qui esse ut nostrud esse. Occaecat eiusmod adipisicing est deserunt ad mollit id. Proident fugiat ipsum pariatur eu non esse nostrud id nisi est amet mollit deserunt sint.', 'https://via.placeholder.com/400/', 'https://via.placeholder.com/400/?text=ICON', '2022-03-20 10:51:16'),
(11, 1, 37.787649, -122.469353, 'Dolor excepteur amet amet mollit nulla deserunt enim do. Aute pariatur anim commodo do est nisi. Culpa culpa sunt excepteur minim aliqua consequat aliqua occaecat dolor et tempor.', 'https://via.placeholder.com/400/', 'https://via.placeholder.com/400/?text=ICON', '2022-03-21 09:00:01'),
(12, 28, 37.791706, -122.422319, 'Culpa aliquip cillum tempor labore aliqua commodo ipsum excepteur sit cillum reprehenderit sint esse. Voluptate elit ad incididunt consequat fugiat minim aliqua dolore ullamco laboris nulla aute. Reprehenderit consequat quis ex reprehenderit ullamco adipisicing.', 'https://via.placeholder.com/400/', 'https://via.placeholder.com/400/?text=ICON', '2022-01-11 10:55:25'),
(13, 8, 37.692313, -122.483693, 'Incididunt excepteur laboris ad minim officia nostrud culpa minim voluptate. Dolor veniam do ex ea ex nulla ad consectetur culpa deserunt esse elit consectetur cillum. Culpa amet cupidatat ullamco amet enim.', 'https://via.placeholder.com/400/', 'https://via.placeholder.com/400/?text=ICON', '2022-03-13 01:26:42'),
(14, 31, 37.690702, -122.434271, 'Sint consectetur est nostrud nulla. Do ipsum voluptate aute id id velit exercitation consequat ex voluptate. Cillum consequat commodo Lorem ipsum qui officia non duis ex irure.', 'https://via.placeholder.com/400/', 'https://via.placeholder.com/400/?text=ICON', '2022-01-01 01:40:40'),
(15, 15, 37.794608, -122.436270, 'Exercitation officia magna ad ad adipisicing occaecat anim sint sint id anim duis. Aute elit veniam do consequat pariatur. Culpa non exercitation nisi elit pariatur fugiat reprehenderit dolore tempor laborum.', 'https://via.placeholder.com/400/', 'https://via.placeholder.com/400/?text=ICON', '2022-01-18 10:27:46'),
(16, 31, 37.756730, -122.391946, 'Ea id duis nostrud aliqua sint deserunt irure commodo adipisicing irure est magna qui exercitation. Laborum irure aliqua non aute incididunt nulla. Labore esse dolore tempor et veniam aliquip ipsum tempor commodo cillum exercitation aliqua sit.', 'https://via.placeholder.com/400/', 'https://via.placeholder.com/400/?text=ICON', '2022-04-05 05:50:44'),
(17, 48, 37.721462, -122.460608, 'Duis velit ullamco dolor Lorem pariatur mollit in laborum adipisicing adipisicing sint sint. In pariatur magna nostrud duis magna commodo reprehenderit nostrud adipisicing irure. Ipsum aute quis laborum eiusmod sint fugiat velit est magna ut.', 'https://via.placeholder.com/400/', 'https://via.placeholder.com/400/?text=ICON', '2022-01-20 04:26:08'),
(18, 1, 37.759935, -122.483974, 'Esse non Lorem veniam proident aute occaecat ea quis. Nulla esse qui sit velit ut consequat voluptate magna commodo ullamco. Ullamco ea dolore reprehenderit culpa ut enim elit pariatur labore id pariatur minim.', 'https://via.placeholder.com/400/', 'https://via.placeholder.com/400/?text=ICON', '2022-01-10 03:55:33'),
(19, 4, 37.791281, -122.408140, 'Duis ipsum sit quis nisi culpa minim in mollit. Anim sit elit quis sint commodo ea esse et reprehenderit proident dolor. Deserunt officia cupidatat nulla occaecat sint irure sit sint.', 'https://via.placeholder.com/400/', 'https://via.placeholder.com/400/?text=ICON', '2022-01-22 06:07:09'),
(20, 37, 37.736719, -122.465293, 'Anim aliquip proident nisi id veniam id commodo ad sint mollit. Officia ad exercitation laboris consectetur aliquip eu eiusmod ullamco mollit esse. Laboris tempor fugiat esse quis nostrud cillum culpa in excepteur ad enim officia magna.', 'https://via.placeholder.com/400/', 'https://via.placeholder.com/400/?text=ICON', '2022-03-09 03:20:08'),
(21, 21, 37.749226, -122.447048, 'Id Lorem magna sint laborum. Ut enim dolor enim Lorem eu aliquip officia anim duis pariatur ex. Commodo est consectetur sunt cupidatat veniam nostrud ut amet eiusmod enim irure laboris eu commodo.', 'https://via.placeholder.com/400/', 'https://via.placeholder.com/400/?text=ICON', '2022-02-11 06:36:18'),
(22, 11, 37.741497, -122.448632, 'Voluptate sunt aute irure ullamco mollit exercitation nisi tempor est tempor id. Laborum consequat labore nostrud qui sunt nulla commodo. Commodo qui cillum anim enim.', 'https://via.placeholder.com/400/', 'https://via.placeholder.com/400/?text=ICON', '2022-02-03 01:20:54'),
(23, 6, 37.768095, -122.412229, 'Quis esse minim fugiat est duis ipsum proident sint duis. Elit esse cillum aute proident quis id est voluptate fugiat elit duis. Sunt laborum et incididunt ea occaecat est pariatur pariatur.', 'https://via.placeholder.com/400/', 'https://via.placeholder.com/400/?text=ICON', '2022-01-13 03:59:09'),
(24, 49, 37.713236, -122.421463, 'Ipsum ea consectetur fugiat eiusmod nulla ut. Veniam officia do dolor magna in. Aliquip est eiusmod qui minim deserunt cillum.', 'https://via.placeholder.com/400/', 'https://via.placeholder.com/400/?text=ICON', '2022-03-24 08:42:06'),
(25, 36, 37.770990, -122.461369, 'Sunt do elit sit ea veniam ipsum nisi nulla voluptate do nostrud. Culpa consectetur nulla Lorem voluptate non adipisicing laboris sint ut do velit aliquip exercitation officia. Laborum adipisicing aliquip id enim in amet pariatur.', 'https://via.placeholder.com/400/', 'https://via.placeholder.com/400/?text=ICON', '2022-02-23 03:20:14'),
(26, 17, 37.699049, -122.416837, 'Reprehenderit ad adipisicing eiusmod commodo dolore nulla dolor. Adipisicing irure tempor deserunt quis tempor minim consequat Lorem cillum enim. Commodo exercitation veniam laborum enim dolore ex cupidatat Lorem quis Lorem.', 'https://via.placeholder.com/400/', 'https://via.placeholder.com/400/?text=ICON', '2022-02-12 04:59:38'),
(27, 22, 37.754864, -122.496138, 'Mollit adipisicing qui cillum adipisicing veniam dolor nisi elit fugiat. Duis voluptate incididunt consequat mollit. Aute exercitation cillum veniam eu occaecat labore commodo reprehenderit exercitation.', 'https://via.placeholder.com/400/', 'https://via.placeholder.com/400/?text=ICON', '2022-01-14 06:45:38'),
(28, 41, 37.710590, -122.419645, 'Mollit adipisicing do ut aute do cillum est ex id et ut dolor proident. Non incididunt amet elit pariatur exercitation nulla est anim tempor amet. Enim irure fugiat aliqua enim cupidatat deserunt do dolore cillum deserunt laboris ex.', 'https://via.placeholder.com/400/', 'https://via.placeholder.com/400/?text=ICON', '2022-03-03 05:37:00'),
(29, 24, 37.791123, -122.401538, 'Dolor magna amet non deserunt nulla occaecat aliquip velit ea pariatur est culpa sit. Non laborum minim incididunt tempor amet sit mollit aute pariatur in. Eu tempor anim voluptate incididunt et nostrud dolor commodo duis commodo consectetur officia laboris.', 'https://via.placeholder.com/400/', 'https://via.placeholder.com/400/?text=ICON', '2022-03-26 04:41:16'),
(30, 21, 37.689955, -122.403727, 'Excepteur pariatur amet commodo mollit amet sunt minim consectetur pariatur magna labore sunt velit consequat. Aliquip ex ut aute aliquip et consectetur aliqua labore et irure qui. Ad adipisicing anim pariatur ea tempor do ut aliqua incididunt elit exercitation ut.', 'https://via.placeholder.com/400/', 'https://via.placeholder.com/400/?text=ICON', '2022-02-18 04:04:00'),
(31, 27, 37.699099, -122.423461, 'Excepteur amet culpa do commodo enim irure et est. Laboris reprehenderit ea magna eiusmod. Dolor laboris Lorem voluptate magna aliquip exercitation non eiusmod voluptate laboris aute minim.', 'https://via.placeholder.com/400/', 'https://via.placeholder.com/400/?text=ICON', '2022-01-23 12:50:14'),
(32, 19, 37.710506, -122.464294, 'Cillum qui veniam in commodo aute fugiat adipisicing velit reprehenderit esse esse reprehenderit. Reprehenderit sit non esse minim ea aliqua. Labore veniam ipsum ut fugiat qui est laboris reprehenderit occaecat do.', 'https://via.placeholder.com/400/', 'https://via.placeholder.com/400/?text=ICON', '2022-02-28 08:22:38'),
(33, 29, 37.717436, -122.469440, 'Dolor consectetur laborum do labore. Anim deserunt incididunt esse tempor deserunt exercitation culpa cupidatat tempor consectetur laboris Lorem. Fugiat id ullamco est aute ut occaecat.', 'https://via.placeholder.com/400/', 'https://via.placeholder.com/400/?text=ICON', '2022-03-18 11:48:08'),
(34, 23, 37.765759, -122.464623, 'Cupidatat qui pariatur sunt sint sunt esse do. Voluptate proident sint mollit id ex culpa irure aute dolore tempor ea laborum ullamco proident. Labore nisi cupidatat irure est ad sit aute in nostrud minim excepteur.', 'https://via.placeholder.com/400/', 'https://via.placeholder.com/400/?text=ICON', '2022-04-03 01:36:38'),
(35, 15, 37.783711, -122.394989, 'Laboris fugiat enim ea dolore qui commodo enim. Elit ad id velit do est est dolor aliquip excepteur adipisicing aliquip reprehenderit excepteur. Eiusmod voluptate veniam veniam dolor officia reprehenderit ad pariatur mollit aliqua consequat.', 'https://via.placeholder.com/400/', 'https://via.placeholder.com/400/?text=ICON', '2022-02-22 07:27:38'),
(36, 35, 37.699946, -122.405833, 'Consectetur ullamco officia nulla deserunt incididunt veniam labore. Consectetur do quis consequat eiusmod ipsum aliqua anim commodo magna sint deserunt cupidatat. Sunt minim elit duis ipsum eiusmod velit dolore ut excepteur sint enim culpa.', 'https://via.placeholder.com/400/', 'https://via.placeholder.com/400/?text=ICON', '2022-03-28 05:31:10'),
(37, 8, 37.696302, -122.422620, 'In exercitation exercitation id excepteur in irure anim culpa irure aute Lorem adipisicing minim enim. Dolore incididunt cupidatat mollit reprehenderit commodo tempor irure ad nulla. Do dolor aliqua exercitation deserunt do cillum labore incididunt Lorem.', 'https://via.placeholder.com/400/', 'https://via.placeholder.com/400/?text=ICON', '2022-01-10 03:01:59'),
(38, 14, 37.758909, -122.430908, 'Culpa deserunt proident magna et ullamco. Quis tempor cupidatat sunt adipisicing amet mollit tempor duis proident commodo non. Veniam occaecat esse laborum adipisicing proident sit et duis.', 'https://via.placeholder.com/400/', 'https://via.placeholder.com/400/?text=ICON', '2022-02-13 03:44:02'),
(39, 36, 37.755911, -122.408200, 'Dolore eiusmod non pariatur officia est non do exercitation aliqua in. Dolore velit tempor exercitation ad cillum sunt eu amet dolore nulla fugiat sint consequat. Deserunt incididunt Lorem enim cillum nostrud ea sit veniam sunt cillum mollit.', 'https://via.placeholder.com/400/', 'https://via.placeholder.com/400/?text=ICON', '2022-01-19 04:56:35'),
(40, 28, 37.703641, -122.446741, 'Sit culpa aliqua officia fugiat exercitation proident eu amet elit exercitation. Voluptate quis enim pariatur irure pariatur. Tempor mollit proident minim ipsum reprehenderit culpa anim duis adipisicing nisi dolor aliqua quis id.', 'https://via.placeholder.com/400/', 'https://via.placeholder.com/400/?text=ICON', '2022-03-04 11:01:14'),
(41, 4, 37.691082, -122.456245, 'Incididunt eiusmod consequat sint ea sint quis consectetur est aliquip. Non mollit esse velit excepteur deserunt aliqua velit irure aliquip sunt incididunt magna. Reprehenderit do veniam esse culpa enim ex ut Lorem aliqua ut nisi ipsum.', 'https://via.placeholder.com/400/', 'https://via.placeholder.com/400/?text=ICON', '2022-03-11 06:32:11'),
(42, 37, 37.738271, -122.434142, 'Laborum non cupidatat ipsum dolor esse ex consectetur dolor voluptate aute. Deserunt amet occaecat et quis enim ipsum reprehenderit ad. Veniam fugiat aute commodo deserunt.', 'https://via.placeholder.com/400/', 'https://via.placeholder.com/400/?text=ICON', '2022-04-10 09:51:15'),
(43, 41, 37.690543, -122.421528, 'Irure tempor aliquip non dolor incididunt fugiat quis magna aliqua duis cillum magna excepteur. Magna et eiusmod do labore aliqua reprehenderit duis Lorem non. Dolor excepteur et do et ipsum.', 'https://via.placeholder.com/400/', 'https://via.placeholder.com/400/?text=ICON', '2022-01-30 08:58:28'),
(44, 18, 37.697675, -122.389754, 'Incididunt consequat ea qui Lorem voluptate consectetur est anim. Ad adipisicing commodo non aliquip adipisicing nulla aute occaecat voluptate minim. Fugiat voluptate non cillum deserunt commodo tempor nulla incididunt.', 'https://via.placeholder.com/400/', 'https://via.placeholder.com/400/?text=ICON', '2022-01-18 04:56:52'),
(45, 43, 37.774595, -122.483443, 'Ut nulla nulla nostrud veniam adipisicing. Quis ut aute amet sit quis eu minim labore nisi sunt. Consectetur sunt duis cupidatat ullamco ex non reprehenderit Lorem adipisicing adipisicing.', 'https://via.placeholder.com/400/', 'https://via.placeholder.com/400/?text=ICON', '2022-03-01 10:14:22'),
(46, 1, 37.789493, -122.488911, 'Quis occaecat esse est cillum. Sunt deserunt velit qui laborum minim esse magna aliquip aliquip magna. Mollit fugiat tempor incididunt ut qui.', 'https://via.placeholder.com/400/', 'https://via.placeholder.com/400/?text=ICON', '2022-03-01 12:26:40'),
(47, 31, 37.717249, -122.435932, 'Deserunt eu sunt eu cupidatat ut culpa aliqua laboris laborum duis incididunt nostrud sunt commodo. Laborum enim qui cupidatat qui sunt ullamco dolore incididunt id in duis. Tempor occaecat tempor aliqua labore.', 'https://via.placeholder.com/400/', 'https://via.placeholder.com/400/?text=ICON', '2022-02-13 09:41:39'),
(48, 22, 37.732008, -122.488760, 'Ex irure ullamco adipisicing ut et dolor ex culpa. Laborum consectetur amet sint elit. Nulla cillum tempor ex ipsum aliqua laborum proident.', 'https://via.placeholder.com/400/', 'https://via.placeholder.com/400/?text=ICON', '2022-03-05 09:59:19'),
(49, 15, 37.754387, -122.500256, 'Officia aliquip fugiat velit nostrud eu minim dolore irure. Reprehenderit est esse nisi ipsum enim cupidatat ut nostrud est consectetur et in id nulla. In aliqua labore quis reprehenderit dolor ad eiusmod velit adipisicing incididunt ex elit.', 'https://via.placeholder.com/400/', 'https://via.placeholder.com/400/?text=ICON', '2022-02-09 09:37:47'),
(50, 28, 37.773483, -122.446947, 'Ea sunt qui consequat ut sit labore qui fugiat. Aute dolore est Lorem ut fugiat mollit commodo incididunt. Enim laboris veniam ad consequat commodo ut.', 'https://via.placeholder.com/400/', 'https://via.placeholder.com/400/?text=ICON', '2022-03-28 06:29:48'),
(51, 35, 37.696132, -122.473772, 'Magna occaecat proident ea do enim. Deserunt incididunt elit dolore laborum ex exercitation consequat mollit. Et aute ullamco enim duis magna duis culpa est elit fugiat commodo nisi est.', 'https://via.placeholder.com/400/', 'https://via.placeholder.com/400/?text=ICON', '2022-03-30 07:48:58'),
(52, 16, 37.765831, -122.449354, 'Exercitation cillum proident nostrud eu amet esse laborum dolore fugiat. Id occaecat eu culpa sunt velit Lorem enim et ad deserunt deserunt est qui eu. Velit aliqua pariatur fugiat dolor.', 'https://via.placeholder.com/400/', 'https://via.placeholder.com/400/?text=ICON', '2022-01-19 10:12:56'),
(53, 5, 37.771236, -122.393797, 'Ad officia labore non consequat sunt sit qui culpa id nulla. Sunt esse nulla nostrud voluptate aute irure. Commodo labore reprehenderit duis exercitation dolore dolore amet pariatur officia sint.', 'https://via.placeholder.com/400/', 'https://via.placeholder.com/400/?text=ICON', '2022-03-17 01:05:02'),
(54, 17, 37.720781, -122.418186, 'Ex incididunt magna officia amet. Adipisicing Lorem amet aliquip aute ut ut minim exercitation nisi quis culpa duis. Deserunt laboris non ullamco voluptate reprehenderit exercitation in exercitation magna.', 'https://via.placeholder.com/400/', 'https://via.placeholder.com/400/?text=ICON', '2022-04-11 10:02:28'),
(55, 39, 37.693509, -122.447464, 'Officia Lorem do exercitation tempor aliquip veniam veniam cillum non veniam culpa qui nisi laboris. Ex nisi aute reprehenderit sit fugiat consectetur do irure eu duis eu laborum. Consectetur deserunt voluptate quis ut tempor do commodo enim veniam dolore nisi incididunt.', 'https://via.placeholder.com/400/', 'https://via.placeholder.com/400/?text=ICON', '2022-02-16 01:33:51'),
(56, 25, 37.692894, -122.418721, 'Deserunt cupidatat eu sit do duis enim anim cillum laborum proident. Consequat occaecat excepteur sit nisi minim sunt ad consequat officia officia voluptate exercitation. Culpa in excepteur proident ipsum qui laborum.', 'https://via.placeholder.com/400/', 'https://via.placeholder.com/400/?text=ICON', '2022-03-02 09:07:01'),
(57, 26, 37.802473, -122.463020, 'Ipsum proident tempor minim proident fugiat est exercitation. Ipsum sunt adipisicing dolor non in nulla cupidatat. Dolore ullamco incididunt adipisicing non velit nulla quis consectetur nisi adipisicing elit adipisicing nisi cillum.', 'https://via.placeholder.com/400/', 'https://via.placeholder.com/400/?text=ICON', '2022-01-05 11:25:29'),
(58, 45, 37.697904, -122.503970, 'Consequat sint voluptate labore labore duis ea. Irure labore non excepteur ipsum labore tempor labore minim. Enim quis ea non reprehenderit nulla aliquip eu consectetur dolor elit et consequat.', 'https://via.placeholder.com/400/', 'https://via.placeholder.com/400/?text=ICON', '2022-02-22 12:30:36'),
(59, 8, 37.690614, -122.430496, 'Nostrud irure sint elit sit minim incididunt laboris consectetur consequat nulla esse tempor. Adipisicing eiusmod laboris ad proident ut Lorem. Ea exercitation consequat nisi pariatur esse amet.', 'https://via.placeholder.com/400/', 'https://via.placeholder.com/400/?text=ICON', '2022-02-05 11:37:58'),
(60, 14, 37.802174, -122.449790, 'Duis voluptate veniam mollit deserunt anim culpa ipsum minim. Sunt culpa eiusmod irure est dolor laboris ad adipisicing ex magna. Occaecat ex minim adipisicing sint et reprehenderit tempor ex adipisicing.', 'https://via.placeholder.com/400/', 'https://via.placeholder.com/400/?text=ICON', '2022-02-13 12:53:58'),
(61, 11, 37.757672, -122.446712, 'Culpa quis amet voluptate nostrud quis mollit eu eu nulla. Lorem esse irure duis proident. Est aliqua do sint nostrud aliquip officia reprehenderit sunt labore eiusmod voluptate.', 'https://via.placeholder.com/400/', 'https://via.placeholder.com/400/?text=ICON', '2022-03-02 07:59:10'),
(62, 48, 37.749689, -122.392060, 'Laborum sunt nulla et incididunt esse labore duis est. Cupidatat deserunt irure velit cupidatat irure amet sint. Enim Lorem elit ipsum Lorem amet est non qui aute reprehenderit mollit qui anim.', 'https://via.placeholder.com/400/', 'https://via.placeholder.com/400/?text=ICON', '2022-01-29 03:38:58'),
(63, 32, 37.744224, -122.421481, 'Amet quis enim ea sunt commodo eiusmod. Irure tempor ipsum reprehenderit excepteur aute voluptate esse. Velit velit commodo nisi magna irure cillum sint duis.', 'https://via.placeholder.com/400/', 'https://via.placeholder.com/400/?text=ICON', '2022-03-25 03:44:21'),
(64, 50, 37.698471, -122.470416, 'Et eu duis in commodo deserunt non commodo proident elit amet ad in laboris reprehenderit. Culpa Lorem enim aliquip sint nisi duis eiusmod. Do voluptate ad deserunt esse pariatur commodo.', 'https://via.placeholder.com/400/', 'https://via.placeholder.com/400/?text=ICON', '2022-02-07 04:20:03'),
(65, 45, 37.780785, -122.479939, 'Do exercitation aliquip non quis culpa eiusmod Lorem officia do quis occaecat minim. Do quis id est deserunt et. Nisi aute nisi aute excepteur ex mollit enim.', 'https://via.placeholder.com/400/', 'https://via.placeholder.com/400/?text=ICON', '2022-03-22 12:07:00'),
(66, 10, 37.774594, -122.428939, 'Ad aliqua eu ad nisi occaecat ut amet nisi. Lorem culpa amet sit ipsum laborum. Ea culpa ipsum pariatur id nulla nostrud ipsum consectetur aliquip commodo quis fugiat tempor.', 'https://via.placeholder.com/400/', 'https://via.placeholder.com/400/?text=ICON', '2022-03-18 08:21:46'),
(67, 28, 37.747273, -122.458526, 'Esse aliqua dolor irure non reprehenderit occaecat consequat nulla laboris enim. Commodo dolore labore ullamco sint ut ipsum tempor. Minim consequat excepteur ipsum aliqua ad irure amet sint sint officia incididunt consectetur id.', 'https://via.placeholder.com/400/', 'https://via.placeholder.com/400/?text=ICON', '2022-03-11 11:48:48'),
(68, 49, 37.793611, -122.470166, 'Reprehenderit dolore nulla eiusmod pariatur incididunt fugiat est commodo voluptate nisi excepteur sunt adipisicing. In ad consequat deserunt velit aliquip sint fugiat occaecat minim adipisicing sit consectetur. In aute ea pariatur reprehenderit.', 'https://via.placeholder.com/400/', 'https://via.placeholder.com/400/?text=ICON', '2022-01-05 05:14:01'),
(69, 47, 37.756082, -122.442249, 'Velit magna duis culpa enim eiusmod veniam aliqua ad et. Elit est minim deserunt in dolore anim magna mollit tempor sint velit amet. Quis id ut elit eu in est.', 'https://via.placeholder.com/400/', 'https://via.placeholder.com/400/?text=ICON', '2022-02-18 04:45:44'),
(70, 24, 37.759955, -122.478227, 'Officia consectetur adipisicing labore minim reprehenderit exercitation ut velit mollit Lorem qui ex. Laboris ad laboris qui minim reprehenderit consequat dolore. Eiusmod anim reprehenderit aliquip aliquip.', 'https://via.placeholder.com/400/', 'https://via.placeholder.com/400/?text=ICON', '2022-02-26 10:20:22'),
(71, 50, 37.776304, -122.457008, 'Qui id reprehenderit Lorem enim sint tempor aute nulla est qui. In voluptate commodo veniam nulla minim reprehenderit ipsum cillum consectetur ullamco in exercitation eu. Magna non qui do incididunt labore laboris culpa et deserunt et.', 'https://via.placeholder.com/400/', 'https://via.placeholder.com/400/?text=ICON', '2022-04-08 09:35:41'),
(72, 22, 37.756705, -122.482029, 'Labore aute minim non nulla consequat officia elit ut non dolore aliqua veniam ea esse. Aute pariatur dolore fugiat qui esse et dolor nostrud tempor enim et. Quis exercitation officia eiusmod nisi incididunt aliquip anim esse velit dolor reprehenderit consequat cupidatat sit.', 'https://via.placeholder.com/400/', 'https://via.placeholder.com/400/?text=ICON', '2022-02-10 06:41:14'),
(73, 30, 37.734715, -122.446126, 'Anim veniam velit est ullamco adipisicing incididunt consequat est ea ut ullamco mollit id commodo. Culpa ex sint magna elit est ea excepteur. Est laborum eiusmod occaecat nostrud officia.', 'https://via.placeholder.com/400/', 'https://via.placeholder.com/400/?text=ICON', '2022-03-19 02:23:56'),
(74, 28, 37.779832, -122.437431, 'Cillum dolore dolor eiusmod ea sint reprehenderit minim ut nostrud. Culpa ipsum id et consequat consectetur irure occaecat laboris non voluptate ex elit consequat. Occaecat sit Lorem magna et et ea in est non mollit.', 'https://via.placeholder.com/400/', 'https://via.placeholder.com/400/?text=ICON', '2022-02-14 12:45:40'),
(75, 5, 37.778833, -122.492001, 'Mollit dolor incididunt ad irure nostrud et tempor est aute ullamco ad. Do eu et in eiusmod eiusmod exercitation veniam sunt. Commodo consectetur consequat aliquip laboris laborum.', 'https://via.placeholder.com/400/', 'https://via.placeholder.com/400/?text=ICON', '2022-02-16 08:17:24'),
(76, 6, 37.703282, -122.461241, 'Sunt aliquip in nulla laboris qui. Aliqua ex enim non eu eu deserunt deserunt do reprehenderit adipisicing. Nostrud dolor exercitation enim officia laborum ut deserunt consequat ea.', 'https://via.placeholder.com/400/', 'https://via.placeholder.com/400/?text=ICON', '2022-03-06 06:26:08'),
(77, 8, 37.720467, -122.469531, 'Amet enim et est est in culpa. Velit enim tempor ea cupidatat ipsum elit esse minim sit in ea duis officia aliqua. Laboris commodo cillum quis proident sunt nisi sint consectetur non nostrud.', 'https://via.placeholder.com/400/', 'https://via.placeholder.com/400/?text=ICON', '2022-03-01 11:00:21'),
(78, 21, 37.730271, -122.419877, 'Veniam sint nulla aliquip amet occaecat. Consectetur proident adipisicing elit ex. Id cillum magna sint nulla aliqua magna.', 'https://via.placeholder.com/400/', 'https://via.placeholder.com/400/?text=ICON', '2022-03-27 05:24:49'),
(79, 21, 37.733712, -122.394746, 'Laborum fugiat exercitation laborum eiusmod in anim. Ad sit mollit voluptate dolore qui do proident ipsum excepteur. Cupidatat do laborum amet duis do proident.', 'https://via.placeholder.com/400/', 'https://via.placeholder.com/400/?text=ICON', '2022-01-13 11:25:32'),
(80, 44, 37.765938, -122.449716, 'Non enim qui veniam adipisicing veniam ex nisi aliqua laborum. Veniam veniam occaecat aliquip ipsum laboris magna eiusmod elit deserunt aliquip dolor veniam quis dolore. Magna pariatur tempor amet veniam tempor aliquip exercitation officia anim pariatur amet enim.', 'https://via.placeholder.com/400/', 'https://via.placeholder.com/400/?text=ICON', '2022-01-20 06:44:14'),
(81, 41, 37.768970, -122.505262, 'Tempor cillum pariatur ipsum commodo ipsum voluptate commodo veniam dolore minim adipisicing et exercitation. Occaecat nostrud commodo ullamco Lorem laborum. Dolore consectetur nulla sunt mollit proident ea pariatur enim id sint adipisicing consectetur.', 'https://via.placeholder.com/400/', 'https://via.placeholder.com/400/?text=ICON', '2022-02-28 01:50:51'),
(82, 30, 37.784367, -122.485882, 'Aute cillum qui dolor ut. Nulla magna duis dolor cillum aliquip velit et sint anim excepteur id. Proident aliquip tempor irure duis ea incididunt eu.', 'https://via.placeholder.com/400/', 'https://via.placeholder.com/400/?text=ICON', '2022-04-07 12:00:04'),
(83, 28, 37.728030, -122.447352, 'Officia reprehenderit ea magna ullamco ut nisi et laborum reprehenderit aliqua nostrud ex. Et velit commodo nostrud ex anim dolor tempor deserunt ipsum cupidatat pariatur. Deserunt sunt minim deserunt ex esse sint.', 'https://via.placeholder.com/400/', 'https://via.placeholder.com/400/?text=ICON', '2022-02-09 01:35:55'),
(84, 38, 37.792883, -122.429381, 'Tempor adipisicing occaecat cupidatat reprehenderit anim exercitation. Reprehenderit minim sint pariatur labore id elit commodo aliquip velit enim Lorem. Sint excepteur pariatur sunt sint tempor do nostrud excepteur veniam do in.', 'https://via.placeholder.com/400/', 'https://via.placeholder.com/400/?text=ICON', '2022-01-01 10:45:48'),
(85, 12, 37.758137, -122.405851, 'Nisi excepteur deserunt duis minim sunt nostrud pariatur quis voluptate enim irure. Adipisicing culpa consectetur quis cillum fugiat eu consequat deserunt elit aliqua occaecat cupidatat minim laboris. Voluptate ex nostrud aliquip consectetur velit cillum cupidatat sint.', 'https://via.placeholder.com/400/', 'https://via.placeholder.com/400/?text=ICON', '2022-01-01 12:17:00'),
(86, 3, 37.700543, -122.401029, 'In laborum laboris magna id sit exercitation consectetur quis esse enim quis ipsum eu. Sunt exercitation sunt aliqua exercitation veniam irure incididunt. Qui Lorem tempor officia officia.', 'https://via.placeholder.com/400/', 'https://via.placeholder.com/400/?text=ICON', '2022-03-16 03:32:58'),
(87, 24, 37.787909, -122.469604, 'Aliquip laborum ea sint sint in pariatur magna irure. Incididunt reprehenderit qui duis elit pariatur dolor officia velit reprehenderit duis ut officia sunt. Et est officia enim culpa.', 'https://via.placeholder.com/400/', 'https://via.placeholder.com/400/?text=ICON', '2022-01-24 12:47:03'),
(88, 13, 37.734852, -122.410497, 'Occaecat voluptate irure exercitation labore enim et veniam. Laboris exercitation reprehenderit laboris reprehenderit. Quis culpa anim ut culpa velit incididunt do amet ullamco non.', 'https://via.placeholder.com/400/', 'https://via.placeholder.com/400/?text=ICON', '2022-03-21 01:40:45'),
(89, 44, 37.712144, -122.419390, 'Deserunt est amet eiusmod exercitation adipisicing aliquip nisi in sit excepteur deserunt aliquip. Quis nisi fugiat veniam velit anim amet ea. Sit ullamco tempor eiusmod occaecat et Lorem voluptate magna id duis duis commodo excepteur nulla.', 'https://via.placeholder.com/400/', 'https://via.placeholder.com/400/?text=ICON', '2022-03-30 08:13:50'),
(90, 11, 37.748114, -122.449979, 'Do aliqua sunt dolor voluptate nisi anim consequat duis laboris est esse consequat. In aute minim eu irure aliqua ea amet irure laboris pariatur culpa. Lorem duis et deserunt nisi adipisicing enim do quis in adipisicing sunt amet.', 'https://via.placeholder.com/400/', 'https://via.placeholder.com/400/?text=ICON', '2022-02-28 05:05:39'),
(91, 40, 37.779855, -122.504064, 'Cillum voluptate proident incididunt consectetur nulla. Cupidatat quis ex cupidatat mollit. Sint tempor ullamco excepteur aliquip aute mollit consequat laborum nisi quis amet aute dolore laboris.', 'https://via.placeholder.com/400/', 'https://via.placeholder.com/400/?text=ICON', '2022-01-31 04:23:16'),
(92, 7, 37.771502, -122.505898, 'Sit cillum eu anim veniam laboris commodo. Cupidatat do adipisicing enim ex est. Aliquip quis Lorem qui irure enim incididunt qui.', 'https://via.placeholder.com/400/', 'https://via.placeholder.com/400/?text=ICON', '2022-03-01 01:04:43'),
(93, 50, 37.715341, -122.457649, 'Fugiat sit esse elit officia ad cupidatat sint incididunt ea culpa in irure elit labore. Minim qui sunt enim tempor sunt. Sunt occaecat sunt esse incididunt ipsum mollit eiusmod adipisicing tempor eiusmod non enim non anim.', 'https://via.placeholder.com/400/', 'https://via.placeholder.com/400/?text=ICON', '2022-01-20 08:45:24'),
(94, 2, 37.708419, -122.474239, 'Sint nostrud Lorem exercitation ullamco consequat nostrud in. Excepteur enim in qui consectetur laborum velit sit. Cillum enim fugiat non ullamco eiusmod.', 'https://via.placeholder.com/400/', 'https://via.placeholder.com/400/?text=ICON', '2022-02-13 08:47:35'),
(95, 11, 37.768530, -122.474334, 'Esse in aliquip nisi id. Consequat adipisicing eu dolore ea ad culpa veniam nisi. Eiusmod sit enim incididunt laborum elit ad non.', 'https://via.placeholder.com/400/', 'https://via.placeholder.com/400/?text=ICON', '2022-03-01 05:13:17'),
(96, 29, 37.738103, -122.470377, 'Mollit laboris sunt ex mollit id eu deserunt eiusmod deserunt proident ipsum. Ad dolor mollit duis quis excepteur. Magna eu eu incididunt aliquip incididunt fugiat magna consequat veniam ipsum occaecat officia cillum.', 'https://via.placeholder.com/400/', 'https://via.placeholder.com/400/?text=ICON', '2022-04-05 07:40:25'),
(97, 31, 37.688723, -122.411692, 'Labore elit id reprehenderit aliqua laborum pariatur esse nisi laboris cillum quis id. Laboris occaecat qui consectetur nulla commodo ullamco ut. Fugiat nisi labore Lorem tempor.', 'https://via.placeholder.com/400/', 'https://via.placeholder.com/400/?text=ICON', '2022-02-28 08:30:51'),
(98, 38, 37.721183, -122.442948, 'Laboris ex occaecat qui ullamco consectetur magna aute minim pariatur. Lorem nulla deserunt do nulla commodo fugiat deserunt ad qui cillum consectetur cupidatat. Labore eu nisi voluptate qui nostrud tempor consequat aute pariatur.', 'https://via.placeholder.com/400/', 'https://via.placeholder.com/400/?text=ICON', '2022-01-21 12:13:03'),
(99, 20, 37.763567, -122.411932, 'Fugiat reprehenderit ipsum proident ullamco adipisicing culpa qui. Pariatur consequat sit do magna aliquip. Adipisicing adipisicing sint qui esse nostrud excepteur ullamco qui commodo ex dolore.', 'https://via.placeholder.com/400/', 'https://via.placeholder.com/400/?text=ICON', '2022-01-24 08:59:03'),
(100, 18, 37.690999, -122.446459, 'Commodo Lorem nostrud amet in labore nostrud cupidatat aute qui dolor aliqua magna ea. Reprehenderit sunt adipisicing reprehenderit nulla enim dolor incididunt reprehenderit velit velit nulla irure anim velit. Est dolor culpa mollit sint nostrud.', 'https://via.placeholder.com/400/', 'https://via.placeholder.com/400/?text=ICON', '2022-02-25 03:46:23'),
(101, 7, 37.749039, -122.471960, 'Veniam laboris consectetur commodo est sit cillum. Officia esse quis est minim duis labore Lorem duis deserunt. Occaecat est anim excepteur sit minim velit ipsum eu non aliquip ipsum pariatur.', 'https://via.placeholder.com/400/', 'https://via.placeholder.com/400/?text=ICON', '2022-01-02 10:52:38'),
(102, 20, 37.735760, -122.462012, 'Sit magna Lorem eu reprehenderit aute excepteur minim magna id mollit. Laborum pariatur sunt consequat consectetur esse nisi non est. Ex cupidatat deserunt incididunt cupidatat quis consequat exercitation eu nulla est culpa proident reprehenderit culpa.', 'https://via.placeholder.com/400/', 'https://via.placeholder.com/400/?text=ICON', '2022-02-19 06:01:10'),
(103, 48, 37.721963, -122.474586, 'Culpa ipsum qui velit ipsum magna officia. Magna do id incididunt pariatur nulla et ipsum mollit. Aute nisi eu dolore nostrud consequat.', 'https://via.placeholder.com/400/', 'https://via.placeholder.com/400/?text=ICON', '2022-01-28 01:43:54'),
(104, 27, 37.745768, -122.398845, 'Adipisicing est esse veniam elit proident fugiat enim ipsum proident. Do ex ut dolore magna excepteur reprehenderit ex occaecat minim reprehenderit veniam Lorem id. Et esse mollit consectetur tempor in consectetur ea nulla irure cillum esse deserunt mollit aute.', 'https://via.placeholder.com/400/', 'https://via.placeholder.com/400/?text=ICON', '2022-03-03 08:34:24'),
(105, 9, 37.800169, -122.390457, 'Adipisicing consequat enim voluptate voluptate exercitation mollit elit quis. Commodo ex esse magna consectetur velit quis consequat enim. Nulla excepteur occaecat Lorem laboris laborum mollit.', 'https://via.placeholder.com/400/', 'https://via.placeholder.com/400/?text=ICON', '2022-02-11 03:39:27'),
(106, 36, 37.763963, -122.394992, 'Cillum laboris aliquip ad et dolor do. Adipisicing laborum adipisicing enim reprehenderit quis aliqua laboris culpa. Velit non ipsum ea veniam excepteur Lorem esse ut fugiat est amet occaecat amet.', 'https://via.placeholder.com/400/', 'https://via.placeholder.com/400/?text=ICON', '2022-02-03 01:12:49'),
(107, 17, 37.742154, -122.407617, 'Ex eu adipisicing nisi officia. Exercitation dolore ipsum sint consectetur nulla sit mollit dolor. Minim amet minim dolore eu et duis.', 'https://via.placeholder.com/400/', 'https://via.placeholder.com/400/?text=ICON', '2022-04-03 05:21:37'),
(108, 1, 37.708745, -122.459032, 'Non cillum elit elit veniam elit qui laboris qui irure aute ea voluptate. Ullamco et duis incididunt consectetur quis quis cillum Lorem pariatur laborum minim ipsum cupidatat esse. Lorem magna anim esse commodo magna incididunt.', 'https://via.placeholder.com/400/', 'https://via.placeholder.com/400/?text=ICON', '2022-01-08 03:02:46'),
(109, 10, 37.767797, -122.425755, 'Anim veniam aliqua magna eiusmod reprehenderit in sint nostrud nulla non ex esse et est. Nisi adipisicing aliqua labore nisi enim id Lorem eiusmod occaecat nisi laborum amet nulla ipsum. Cupidatat labore ut velit veniam.', 'https://via.placeholder.com/400/', 'https://via.placeholder.com/400/?text=ICON', '2022-04-06 04:13:05'),
(110, 39, 37.737905, -122.444461, 'Voluptate aliquip quis enim officia velit consectetur consequat cillum non anim in. Nostrud dolor nostrud enim quis amet aliqua esse adipisicing exercitation adipisicing sunt cupidatat. Irure sint qui enim cupidatat culpa duis cupidatat laborum eu.', 'https://via.placeholder.com/400/', 'https://via.placeholder.com/400/?text=ICON', '2022-04-10 05:19:47'),
(111, 34, 37.716107, -122.464378, 'Eiusmod elit nisi minim labore anim eu in exercitation aute pariatur cillum ipsum sint. Cillum ut adipisicing sit velit nostrud Lorem pariatur nostrud officia. Sunt deserunt adipisicing ex nisi officia deserunt enim esse incididunt reprehenderit.', 'https://via.placeholder.com/400/', 'https://via.placeholder.com/400/?text=ICON', '2022-03-24 05:10:50'),
(112, 6, 37.785711, -122.428682, 'Sunt ut amet exercitation minim veniam commodo cupidatat. Non cupidatat id aliquip nulla. Anim officia sint anim consequat irure cupidatat nisi pariatur eiusmod officia do.', 'https://via.placeholder.com/400/', 'https://via.placeholder.com/400/?text=ICON', '2022-02-10 01:42:51'),
(113, 16, 37.793187, -122.465814, 'Aliqua adipisicing sunt sit tempor tempor dolor deserunt eiusmod ad labore dolore eu. Officia voluptate cillum quis Lorem laborum reprehenderit nostrud incididunt. Veniam mollit consequat quis sit.', 'https://via.placeholder.com/400/', 'https://via.placeholder.com/400/?text=ICON', '2022-04-03 07:39:55'),
(114, 33, 37.770041, -122.389795, 'Tempor qui anim labore est aliqua. Est laboris eu deserunt adipisicing. Veniam culpa eu reprehenderit laborum consectetur voluptate nostrud commodo.', 'https://via.placeholder.com/400/', 'https://via.placeholder.com/400/?text=ICON', '2022-04-02 12:25:53'),
(115, 32, 37.698684, -122.485664, 'Exercitation Lorem laborum elit aliquip ullamco dolore officia do sit veniam in. Dolor elit cillum veniam quis pariatur sint ut cupidatat fugiat laborum. Anim amet aliqua velit cupidatat exercitation.', 'https://via.placeholder.com/400/', 'https://via.placeholder.com/400/?text=ICON', '2022-03-09 09:53:19'),
(116, 37, 37.757051, -122.420654, 'Dolor consectetur enim reprehenderit est ea commodo eu quis labore non ullamco culpa veniam irure. Deserunt tempor adipisicing voluptate Lorem ex id sit cupidatat proident ex. Duis amet duis ut veniam reprehenderit eiusmod laboris minim veniam adipisicing sunt sit.', 'https://via.placeholder.com/400/', 'https://via.placeholder.com/400/?text=ICON', '2022-04-05 03:40:58'),
(117, 29, 37.778965, -122.406776, 'Nulla sunt est eiusmod cupidatat enim cupidatat in magna sit esse anim duis minim. Dolor enim sit Lorem reprehenderit et. Sint sit aliqua sit anim occaecat eiusmod ea sit.', 'https://via.placeholder.com/400/', 'https://via.placeholder.com/400/?text=ICON', '2022-03-14 07:39:47'),
(118, 24, 37.781552, -122.473953, 'Esse anim excepteur eu anim incididunt. Sint ad cillum ullamco velit non laboris excepteur. Officia fugiat adipisicing in velit.', 'https://via.placeholder.com/400/', 'https://via.placeholder.com/400/?text=ICON', '2022-02-15 12:41:41'),
(119, 9, 37.714000, -122.490567, 'Nisi nulla dolore esse adipisicing tempor non mollit elit eu. Cillum ad sint elit ullamco eu et ea. Voluptate velit aliquip cupidatat nulla magna laborum magna ipsum.', 'https://via.placeholder.com/400/', 'https://via.placeholder.com/400/?text=ICON', '2022-02-08 07:13:26'),
(120, 21, 37.702851, -122.492458, 'Sit anim duis pariatur veniam. Amet aliquip aliquip non tempor laboris culpa tempor proident dolor est duis sunt. Pariatur eu incididunt ipsum veniam id amet labore aliqua ipsum anim commodo non dolor adipisicing.', 'https://via.placeholder.com/400/', 'https://via.placeholder.com/400/?text=ICON', '2022-04-09 02:00:58'),
(121, 15, 37.753315, -122.474704, 'Velit qui aliquip consectetur nostrud pariatur occaecat aute. Consequat minim ullamco qui veniam magna culpa sit proident. Reprehenderit velit ullamco amet qui est nisi quis aliqua.', 'https://via.placeholder.com/400/', 'https://via.placeholder.com/400/?text=ICON', '2022-01-30 09:42:45'),
(122, 41, 37.766372, -122.459945, 'Consequat minim exercitation occaecat proident reprehenderit deserunt fugiat culpa do. Ipsum labore do eu culpa excepteur culpa officia. Et aliquip dolore voluptate Lorem exercitation minim enim.', 'https://via.placeholder.com/400/', 'https://via.placeholder.com/400/?text=ICON', '2022-02-17 01:39:30'),
(123, 40, 37.781782, -122.429723, 'Nulla labore deserunt veniam consectetur magna. In culpa pariatur id exercitation ut ex reprehenderit incididunt nulla reprehenderit. Do Lorem voluptate occaecat dolor ex dolor laborum officia ullamco voluptate do aliqua laborum Lorem.', 'https://via.placeholder.com/400/', 'https://via.placeholder.com/400/?text=ICON', '2022-02-18 02:56:14'),
(124, 5, 37.758010, -122.418243, 'Irure commodo cillum incididunt labore et excepteur eiusmod dolor exercitation sunt sunt nostrud consectetur. Enim aliqua magna et enim in amet esse occaecat laboris ipsum non voluptate irure. Enim aliqua eiusmod irure in non irure in et in aute.', 'https://via.placeholder.com/400/', 'https://via.placeholder.com/400/?text=ICON', '2022-03-07 09:59:22'),
(125, 25, 37.749126, -122.417445, 'Officia exercitation esse qui nulla magna. Officia incididunt eiusmod enim incididunt cupidatat consectetur aute in proident proident nulla cillum ipsum. Nisi laboris sit commodo deserunt proident ullamco ad nulla consequat id minim.', 'https://via.placeholder.com/400/', 'https://via.placeholder.com/400/?text=ICON', '2022-03-28 05:02:29'),
(126, 46, 37.711457, -122.398166, 'Fugiat consectetur in exercitation tempor laboris dolore sint ea. Id ea cillum minim labore ad eu deserunt incididunt. Ea irure officia pariatur pariatur adipisicing est ullamco sint quis sunt ex do.', 'https://via.placeholder.com/400/', 'https://via.placeholder.com/400/?text=ICON', '2022-01-02 12:47:28'),
(127, 4, 37.713591, -122.498444, 'Sit pariatur ea eu sunt officia id sit eu cupidatat tempor. Mollit aliqua aute laborum cillum tempor anim. Ex esse ex Lorem dolore laborum laborum duis duis elit elit pariatur.', 'https://via.placeholder.com/400/', 'https://via.placeholder.com/400/?text=ICON', '2022-03-17 03:56:38'),
(128, 44, 37.716422, -122.421744, 'Irure irure Lorem do Lorem eu in dolor voluptate. Non commodo esse ullamco mollit sit mollit Lorem consectetur reprehenderit aliqua laboris anim. Commodo consequat velit cupidatat velit id sunt mollit nisi sit ipsum.', 'https://via.placeholder.com/400/', 'https://via.placeholder.com/400/?text=ICON', '2022-01-10 07:39:23'),
(129, 8, 37.739647, -122.421786, 'Officia eu est ut aliqua velit. Anim do id exercitation sint. Enim aliquip nulla laborum Lorem ad.', 'https://via.placeholder.com/400/', 'https://via.placeholder.com/400/?text=ICON', '2022-02-08 04:46:26'),
(130, 9, 37.717853, -122.461335, 'Pariatur enim in ut reprehenderit labore. Tempor esse enim laborum ex officia deserunt commodo proident. Eiusmod aliqua eiusmod anim labore id esse pariatur non ex proident enim fugiat eu sint.', 'https://via.placeholder.com/400/', 'https://via.placeholder.com/400/?text=ICON', '2022-03-12 11:33:13'),
(131, 5, 37.794822, -122.390147, 'Ullamco voluptate dolore minim pariatur nostrud aute id. Anim sit excepteur laboris fugiat laborum ipsum consectetur dolore. Et anim est sunt veniam labore fugiat commodo est officia ex eu in eu.', 'https://via.placeholder.com/400/', 'https://via.placeholder.com/400/?text=ICON', '2022-03-05 08:15:03'),
(132, 9, 37.716645, -122.464257, 'Sit consequat reprehenderit cupidatat sint pariatur exercitation eu non aliqua minim deserunt Lorem elit. Pariatur sint id magna consectetur. Tempor irure commodo pariatur non excepteur consequat occaecat est aute nisi.', 'https://via.placeholder.com/400/', 'https://via.placeholder.com/400/?text=ICON', '2022-04-08 11:25:59'),
(133, 27, 37.782771, -122.462103, 'Ipsum ut aliqua sint deserunt tempor aliqua ad nisi duis mollit. Ullamco ipsum pariatur sint pariatur non. Eiusmod nostrud pariatur eiusmod ut tempor exercitation reprehenderit.', 'https://via.placeholder.com/400/', 'https://via.placeholder.com/400/?text=ICON', '2022-01-04 01:30:03'),
(134, 47, 37.776670, -122.441084, 'Minim proident incididunt excepteur ut do occaecat cillum. Et qui est anim Lorem consectetur. Est consequat culpa aliqua ea laborum laborum magna.', 'https://via.placeholder.com/400/', 'https://via.placeholder.com/400/?text=ICON', '2022-03-23 09:38:02'),
(135, 12, 37.778490, -122.391172, 'Nulla do magna magna exercitation pariatur dolor nostrud veniam cillum est. Culpa consectetur dolore sit eiusmod sit esse ea fugiat ut. Anim Lorem consectetur amet sunt est mollit.', 'https://via.placeholder.com/400/', 'https://via.placeholder.com/400/?text=ICON', '2022-01-27 11:03:32'),
(136, 41, 37.800517, -122.502158, 'Fugiat nulla veniam culpa consequat sunt nostrud consequat. Officia enim anim quis ea incididunt aute ex est. Dolore elit nisi sunt dolore dolore.', 'https://via.placeholder.com/400/', 'https://via.placeholder.com/400/?text=ICON', '2022-02-03 12:07:52'),
(137, 31, 37.765911, -122.409450, 'Fugiat sit ullamco ullamco dolore pariatur duis veniam excepteur. Eu in elit Lorem adipisicing occaecat velit qui. Nisi amet exercitation do fugiat Lorem sunt magna amet enim cillum aliqua Lorem.', 'https://via.placeholder.com/400/', 'https://via.placeholder.com/400/?text=ICON', '2022-02-16 05:47:17'),
(138, 19, 37.797646, -122.397447, 'Aliquip duis sunt id excepteur nisi ex officia nulla aute. Laborum exercitation sint elit ad ad magna ut eu officia ex magna ipsum ut. Anim Lorem aute veniam do elit.', 'https://via.placeholder.com/400/', 'https://via.placeholder.com/400/?text=ICON', '2022-01-18 01:48:44'),
(139, 26, 37.690485, -122.444574, 'Est laboris tempor magna culpa deserunt cupidatat magna eu irure anim ea laboris. Magna enim et dolore dolor exercitation quis pariatur fugiat. Reprehenderit reprehenderit voluptate labore do adipisicing adipisicing nostrud nisi minim do elit do do.', 'https://via.placeholder.com/400/', 'https://via.placeholder.com/400/?text=ICON', '2022-01-09 07:06:03'),
(140, 50, 37.776155, -122.500272, 'Pariatur ipsum pariatur ad enim dolore velit nostrud. Aute nostrud do dolore ipsum reprehenderit. Ad veniam cillum minim proident cupidatat.', 'https://via.placeholder.com/400/', 'https://via.placeholder.com/400/?text=ICON', '2022-01-15 08:34:59'),
(141, 11, 37.735751, -122.503128, 'Et mollit fugiat labore et mollit sint cillum adipisicing irure et excepteur eiusmod. Aute ut officia est non nisi elit fugiat aute consequat nisi ullamco. Duis aliquip ipsum fugiat exercitation velit ad fugiat id consectetur do mollit do et ad.', 'https://via.placeholder.com/400/', 'https://via.placeholder.com/400/?text=ICON', '2022-03-03 02:38:44'),
(142, 23, 37.786605, -122.471073, 'Eu labore incididunt ad aliquip esse deserunt exercitation amet. Sit culpa aute est id. Enim fugiat commodo ex anim sint cillum fugiat aute voluptate esse labore sunt.', 'https://via.placeholder.com/400/', 'https://via.placeholder.com/400/?text=ICON', '2022-02-03 02:53:17'),
(143, 37, 37.776324, -122.443747, 'Consectetur laborum ad nostrud Lorem nostrud qui sit minim ea deserunt incididunt. Culpa ipsum culpa enim occaecat excepteur anim est proident anim nulla proident. Occaecat aute magna velit ut pariatur nisi excepteur aliquip tempor.', 'https://via.placeholder.com/400/', 'https://via.placeholder.com/400/?text=ICON', '2022-04-03 09:50:52'),
(144, 32, 37.715107, -122.407748, 'Mollit irure consequat aute nisi nisi non ut nostrud ut. Proident enim fugiat sit exercitation mollit sit quis ad reprehenderit deserunt aliquip. Duis elit et minim sunt dolor ullamco nisi deserunt non magna enim adipisicing.', 'https://via.placeholder.com/400/', 'https://via.placeholder.com/400/?text=ICON', '2022-03-31 05:11:26'),
(145, 31, 37.724262, -122.403886, 'Amet culpa excepteur est esse voluptate et nisi amet in dolore amet est. Sit consequat do cupidatat nisi ad cillum aliqua deserunt exercitation Lorem sit quis aliquip. Aute ullamco mollit esse aute qui labore non sit esse amet officia magna sunt mollit.', 'https://via.placeholder.com/400/', 'https://via.placeholder.com/400/?text=ICON', '2022-01-04 10:10:24');
INSERT INTO `track_locations` (`id`, `animal_id`, `lat`, `lng`, `description`, `photo`, `icon`, `date_create`) VALUES
(146, 18, 37.799203, -122.454003, 'Minim ut ipsum Lorem ipsum nostrud excepteur. Irure aliqua mollit anim commodo aliquip sint pariatur laboris qui incididunt anim proident. Non elit labore dolore tempor consequat nisi cupidatat in culpa laboris ullamco qui sint aliquip.', 'https://via.placeholder.com/400/', 'https://via.placeholder.com/400/?text=ICON', '2022-01-30 08:53:10'),
(147, 35, 37.700257, -122.439411, 'Culpa mollit ea pariatur sint nostrud pariatur officia Lorem. Cupidatat ad ea qui tempor eu esse do eu dolor laborum dolore sunt culpa. Sunt id tempor commodo excepteur commodo nulla labore et eiusmod.', 'https://via.placeholder.com/400/', 'https://via.placeholder.com/400/?text=ICON', '2022-02-11 12:08:25'),
(148, 9, 37.699141, -122.419716, 'Ullamco incididunt sint aliqua dolore laborum magna enim. Nulla sit ad velit laboris consequat eu officia culpa commodo. Eu ex nostrud exercitation sunt proident eu Lorem proident.', 'https://via.placeholder.com/400/', 'https://via.placeholder.com/400/?text=ICON', '2022-02-06 08:31:53'),
(149, 48, 37.744032, -122.485108, 'Labore aliqua elit pariatur ea sint duis labore anim est. Veniam duis ipsum velit commodo. Non ad esse Lorem eiusmod ea adipisicing voluptate mollit exercitation in.', 'https://via.placeholder.com/400/', 'https://via.placeholder.com/400/?text=ICON', '2022-02-03 07:55:51'),
(150, 44, 37.695495, -122.425254, 'Tempor ea est consectetur voluptate. Laborum quis esse esse sunt nulla voluptate. Elit esse dolor ut reprehenderit tempor.', 'https://via.placeholder.com/400/', 'https://via.placeholder.com/400/?text=ICON', '2022-03-23 03:25:55'),
(151, 13, 37.723739, -122.488457, 'Aute sit excepteur tempor cupidatat deserunt sint aliqua Lorem ut minim ipsum enim ad aliqua. Commodo eiusmod nostrud fugiat reprehenderit laborum. Magna ipsum excepteur nisi magna fugiat proident non in commodo non.', 'https://via.placeholder.com/400/', 'https://via.placeholder.com/400/?text=ICON', '2022-04-02 04:35:55'),
(152, 21, 37.708929, -122.480646, 'Laborum nostrud nisi officia sint nulla incididunt in et veniam est cupidatat cillum laboris cupidatat. Ad et est exercitation Lorem aute cillum exercitation labore cillum deserunt velit est sunt. Nostrud qui adipisicing consectetur consectetur mollit magna dolore voluptate.', 'https://via.placeholder.com/400/', 'https://via.placeholder.com/400/?text=ICON', '2022-01-15 07:16:33'),
(153, 36, 37.788221, -122.422876, 'Aliqua consectetur do ex minim. Elit labore eu incididunt non sunt sit elit quis culpa aliquip. Ullamco nisi commodo aliqua consectetur ipsum sint.', 'https://via.placeholder.com/400/', 'https://via.placeholder.com/400/?text=ICON', '2022-01-14 02:01:46'),
(154, 46, 37.756381, -122.473078, 'Sunt non ut deserunt consequat in duis laborum et incididunt elit tempor consectetur. Sit irure occaecat et eu qui commodo. Eiusmod pariatur minim dolore est fugiat et fugiat qui labore consectetur do in minim non.', 'https://via.placeholder.com/400/', 'https://via.placeholder.com/400/?text=ICON', '2022-03-24 12:02:09'),
(155, 12, 37.753433, -122.502988, 'Excepteur magna est culpa et ex incididunt exercitation aliqua amet ex excepteur cillum. Nisi occaecat ut fugiat qui aliquip aliquip fugiat laborum sit cupidatat pariatur proident. Deserunt ut ea aute proident sit et.', 'https://via.placeholder.com/400/', 'https://via.placeholder.com/400/?text=ICON', '2022-02-16 05:05:37'),
(156, 13, 37.710528, -122.441297, 'Culpa tempor reprehenderit adipisicing qui aliqua et mollit eiusmod. Sint Lorem consequat pariatur Lorem sunt dolor velit dolor. Ut duis id voluptate id cillum esse amet nisi irure elit aute aliquip non culpa.', 'https://via.placeholder.com/400/', 'https://via.placeholder.com/400/?text=ICON', '2022-01-28 11:55:36'),
(157, 18, 37.737038, -122.497017, 'Eiusmod officia excepteur magna mollit ut anim. Mollit cillum qui minim adipisicing nulla ipsum magna amet amet laboris ut. Quis Lorem in qui est incididunt amet consectetur dolor occaecat.', 'https://via.placeholder.com/400/', 'https://via.placeholder.com/400/?text=ICON', '2022-01-28 09:57:50'),
(158, 45, 37.715110, -122.447176, 'Sint aliquip pariatur irure eu sint dolor nostrud aliqua ipsum elit officia occaecat occaecat. Magna sit esse fugiat nisi non non proident sunt. Lorem magna ullamco in aliqua elit cupidatat.', 'https://via.placeholder.com/400/', 'https://via.placeholder.com/400/?text=ICON', '2022-03-21 07:57:00'),
(159, 16, 37.699238, -122.475020, 'In veniam dolor ut qui ad nulla. Ad in cillum dolor nostrud labore occaecat nostrud sit eiusmod. Ea fugiat pariatur sit reprehenderit tempor do eiusmod do nisi magna fugiat.', 'https://via.placeholder.com/400/', 'https://via.placeholder.com/400/?text=ICON', '2022-01-17 07:18:53'),
(160, 28, 37.758383, -122.476495, 'Do pariatur in qui commodo aliqua aliquip consectetur sit. Ex qui eiusmod sit adipisicing Lorem mollit Lorem cupidatat. Ut ea aliqua officia magna pariatur do ad incididunt.', 'https://via.placeholder.com/400/', 'https://via.placeholder.com/400/?text=ICON', '2022-04-01 01:49:10'),
(161, 45, 37.707309, -122.389726, 'Elit non do culpa nisi do. Adipisicing dolore deserunt eiusmod minim laborum ipsum adipisicing ullamco elit veniam esse adipisicing et. Incididunt pariatur eu fugiat deserunt labore irure incididunt sunt do tempor.', 'https://via.placeholder.com/400/', 'https://via.placeholder.com/400/?text=ICON', '2022-02-23 06:10:37'),
(162, 18, 37.707412, -122.447077, 'Culpa excepteur sunt minim proident officia ea ad. Commodo aliqua ea enim anim aliquip ipsum laborum Lorem. Sit quis sint consequat fugiat fugiat enim veniam velit incididunt pariatur.', 'https://via.placeholder.com/400/', 'https://via.placeholder.com/400/?text=ICON', '2022-01-04 04:31:33'),
(163, 8, 37.771832, -122.432608, 'Laborum est et dolor aliqua do deserunt elit exercitation et ipsum pariatur occaecat aliquip. Duis sint aliqua amet nisi eu. Irure nulla culpa aliqua officia incididunt eiusmod do esse.', 'https://via.placeholder.com/400/', 'https://via.placeholder.com/400/?text=ICON', '2022-03-02 11:58:08'),
(164, 18, 37.723281, -122.441219, 'Reprehenderit eu id anim amet id dolore laboris consectetur incididunt. Lorem duis adipisicing deserunt sunt aliquip ullamco laboris proident nulla cillum Lorem eu aliquip. Occaecat pariatur laborum consequat quis velit aute.', 'https://via.placeholder.com/400/', 'https://via.placeholder.com/400/?text=ICON', '2022-01-12 10:51:33'),
(165, 42, 37.738589, -122.467136, 'Pariatur commodo anim mollit velit incididunt nisi elit. Culpa voluptate et esse amet quis dolor. Sunt eiusmod aliqua tempor est officia pariatur do velit.', 'https://via.placeholder.com/400/', 'https://via.placeholder.com/400/?text=ICON', '2022-03-14 10:47:26'),
(166, 11, 37.691183, -122.480997, 'Tempor nisi quis nisi irure do velit in qui eiusmod commodo voluptate cillum veniam. Magna do duis occaecat cillum proident cillum nulla sunt commodo eiusmod elit. Non voluptate deserunt exercitation aute aliquip deserunt ipsum.', 'https://via.placeholder.com/400/', 'https://via.placeholder.com/400/?text=ICON', '2022-04-05 08:41:12'),
(167, 7, 37.768667, -122.442583, 'Irure quis aliquip officia quis enim. Culpa incididunt eu laboris consectetur est Lorem exercitation proident sunt commodo. Pariatur sunt voluptate sunt aliquip fugiat qui sint adipisicing.', 'https://via.placeholder.com/400/', 'https://via.placeholder.com/400/?text=ICON', '2022-03-01 12:56:43'),
(168, 16, 37.744762, -122.461880, 'Sunt labore duis aliquip consequat veniam laboris sit anim. Esse labore minim aliquip ullamco consectetur officia elit nulla Lorem velit mollit cupidatat. Ad anim voluptate excepteur elit do adipisicing enim cupidatat.', 'https://via.placeholder.com/400/', 'https://via.placeholder.com/400/?text=ICON', '2022-03-30 12:18:17'),
(169, 15, 37.725355, -122.397801, 'Occaecat consectetur labore qui occaecat. Qui cillum Lorem pariatur culpa tempor in eiusmod dolore consectetur tempor laboris. Aliquip anim ea dolor eu proident occaecat enim sit.', 'https://via.placeholder.com/400/', 'https://via.placeholder.com/400/?text=ICON', '2022-03-22 12:48:47'),
(170, 16, 37.757630, -122.421630, 'Consectetur et nulla deserunt excepteur excepteur Lorem deserunt non. Nisi ex pariatur dolor adipisicing elit. Laborum proident consectetur ex labore commodo reprehenderit in est.', 'https://via.placeholder.com/400/', 'https://via.placeholder.com/400/?text=ICON', '2022-01-06 01:36:23'),
(171, 14, 37.786128, -122.406009, 'Officia qui qui velit officia officia non eu cillum magna non excepteur nulla reprehenderit. Culpa sint Lorem pariatur ea reprehenderit qui nisi ipsum do. Ad anim mollit laboris ut irure duis mollit non velit ex duis non officia veniam.', 'https://via.placeholder.com/400/', 'https://via.placeholder.com/400/?text=ICON', '2022-04-01 08:12:47'),
(172, 3, 37.798393, -122.457147, 'Nulla adipisicing enim occaecat eiusmod in reprehenderit pariatur nostrud non culpa voluptate. Anim elit quis sit culpa tempor sit aute. Nostrud eu aliquip nisi consectetur qui.', 'https://via.placeholder.com/400/', 'https://via.placeholder.com/400/?text=ICON', '2022-02-09 08:11:12'),
(173, 41, 37.689129, -122.397547, 'Minim ipsum aliquip minim cupidatat incididunt pariatur nostrud laboris do. Elit dolor sunt labore ad irure ad adipisicing dolor aliqua Lorem. Tempor ipsum eiusmod ipsum proident deserunt et ullamco officia elit amet quis irure ut.', 'https://via.placeholder.com/400/', 'https://via.placeholder.com/400/?text=ICON', '2022-03-03 08:44:32'),
(174, 49, 37.702028, -122.391239, 'Cillum do incididunt aute aliqua. Aliqua incididunt cillum et do deserunt magna. Velit aliqua ut irure dolor anim.', 'https://via.placeholder.com/400/', 'https://via.placeholder.com/400/?text=ICON', '2022-01-11 02:08:45'),
(175, 49, 37.799016, -122.424290, 'Eu culpa eu aute ad ipsum labore minim tempor pariatur cillum sint nostrud. Minim pariatur consequat occaecat nulla laborum ea enim duis minim ea in fugiat. Esse ullamco consectetur nulla ad qui est voluptate.', 'https://via.placeholder.com/400/', 'https://via.placeholder.com/400/?text=ICON', '2022-03-10 08:01:46'),
(176, 28, 37.788003, -122.483465, 'Esse officia consequat excepteur est ut duis elit esse reprehenderit pariatur. Ullamco mollit magna deserunt occaecat et proident. Minim qui esse voluptate excepteur.', 'https://via.placeholder.com/400/', 'https://via.placeholder.com/400/?text=ICON', '2022-03-26 11:15:32'),
(177, 14, 37.755963, -122.387412, 'Eu in excepteur ad aute et. Ex anim eiusmod pariatur laborum et velit duis aliquip. Exercitation voluptate nostrud cillum eiusmod deserunt irure irure laborum culpa.', 'https://via.placeholder.com/400/', 'https://via.placeholder.com/400/?text=ICON', '2022-03-21 01:12:15'),
(178, 14, 37.731943, -122.496487, 'Ullamco consectetur proident enim quis cillum deserunt excepteur deserunt ea culpa quis. Dolore ut nostrud nisi proident sint ut. Cupidatat proident quis sunt ullamco aliqua voluptate dolor incididunt mollit.', 'https://via.placeholder.com/400/', 'https://via.placeholder.com/400/?text=ICON', '2022-02-28 01:52:17'),
(179, 50, 37.705283, -122.466663, 'Irure exercitation do laborum consequat anim in exercitation commodo veniam dolor est qui eiusmod. Cupidatat duis aliquip consectetur aliquip cillum pariatur aute duis non in reprehenderit non ipsum. Deserunt sit cupidatat duis minim.', 'https://via.placeholder.com/400/', 'https://via.placeholder.com/400/?text=ICON', '2022-02-06 08:11:13'),
(180, 20, 37.760531, -122.495928, 'Cillum ea cupidatat occaecat velit et in consectetur sint. Cupidatat aliquip veniam id ut. Sunt pariatur veniam et non.', 'https://via.placeholder.com/400/', 'https://via.placeholder.com/400/?text=ICON', '2022-02-17 12:33:40'),
(181, 22, 37.738991, -122.495414, 'Nostrud qui Lorem exercitation velit fugiat in qui deserunt. Fugiat est commodo cupidatat eu consequat esse veniam sunt elit in ipsum. Magna cillum officia qui ea consequat sunt aliqua.', 'https://via.placeholder.com/400/', 'https://via.placeholder.com/400/?text=ICON', '2022-03-12 12:19:24'),
(182, 9, 37.752222, -122.402687, 'Consectetur nisi elit id in deserunt fugiat tempor labore commodo excepteur eiusmod consequat. Lorem aliquip deserunt sit ullamco minim nisi. Cupidatat voluptate fugiat minim eiusmod cillum labore voluptate nisi aliquip occaecat.', 'https://via.placeholder.com/400/', 'https://via.placeholder.com/400/?text=ICON', '2022-04-05 11:50:00'),
(183, 9, 37.743357, -122.500936, 'Non nulla velit nisi excepteur ea officia dolor. Adipisicing sint magna est sit. Reprehenderit voluptate dolore pariatur enim eu sit reprehenderit eiusmod.', 'https://via.placeholder.com/400/', 'https://via.placeholder.com/400/?text=ICON', '2022-03-03 09:46:29'),
(184, 43, 37.793320, -122.464496, 'Ex ullamco non labore voluptate exercitation qui fugiat. Labore velit culpa nisi elit sunt veniam officia. Laborum aliqua fugiat reprehenderit fugiat Lorem est adipisicing.', 'https://via.placeholder.com/400/', 'https://via.placeholder.com/400/?text=ICON', '2022-01-21 06:16:02'),
(185, 31, 37.743004, -122.392971, 'Ut sunt irure in consectetur laboris fugiat est ad in. Deserunt fugiat nostrud ea reprehenderit exercitation magna adipisicing fugiat. Tempor ad officia dolore cillum minim sit nisi.', 'https://via.placeholder.com/400/', 'https://via.placeholder.com/400/?text=ICON', '2022-02-06 08:44:48'),
(186, 15, 37.801555, -122.403018, 'Magna dolore ipsum in id dolor ad. Et tempor adipisicing irure duis. Occaecat culpa minim est dolore duis minim in ipsum irure exercitation deserunt.', 'https://via.placeholder.com/400/', 'https://via.placeholder.com/400/?text=ICON', '2022-03-14 01:18:32'),
(187, 42, 37.741933, -122.436282, 'Amet velit consectetur amet sunt nulla aliqua officia dolore eiusmod. Enim tempor eu nulla irure qui Lorem adipisicing sit cupidatat tempor voluptate qui. Sunt et occaecat incididunt ut ex non consectetur culpa reprehenderit do.', 'https://via.placeholder.com/400/', 'https://via.placeholder.com/400/?text=ICON', '2022-02-25 05:40:56'),
(188, 32, 37.764996, -122.411389, 'Magna dolore nulla commodo sit consequat ad minim aliquip ex nulla aute in est voluptate. Sit tempor qui quis eu fugiat quis id minim sint veniam voluptate deserunt sint. Excepteur mollit et tempor anim nulla aliquip cupidatat incididunt esse.', 'https://via.placeholder.com/400/', 'https://via.placeholder.com/400/?text=ICON', '2022-02-17 06:14:28'),
(189, 2, 37.782309, -122.486938, 'Sunt veniam commodo minim et magna eiusmod amet duis in irure aliquip veniam esse irure. Nisi quis sint est elit laborum qui do cupidatat eiusmod enim. Pariatur elit qui labore esse qui eiusmod ipsum labore ullamco cupidatat adipisicing mollit qui quis.', 'https://via.placeholder.com/400/', 'https://via.placeholder.com/400/?text=ICON', '2022-01-14 11:13:04'),
(190, 40, 37.709287, -122.390412, 'Enim proident sunt consequat quis veniam dolore consequat excepteur elit nulla incididunt nulla ea quis. Duis officia do id do culpa enim sint est excepteur exercitation aliqua minim. Labore reprehenderit id magna aliqua.', 'https://via.placeholder.com/400/', 'https://via.placeholder.com/400/?text=ICON', '2022-02-13 08:31:16'),
(191, 33, 37.715042, -122.492728, 'Mollit in culpa do ut duis est magna. Dolore commodo eu id elit aliqua labore ea deserunt. Deserunt ut ullamco sunt et sit commodo cupidatat dolor est adipisicing.', 'https://via.placeholder.com/400/', 'https://via.placeholder.com/400/?text=ICON', '2022-01-27 03:39:49'),
(192, 44, 37.760922, -122.420757, 'Sit est fugiat aliqua mollit ipsum magna excepteur ad duis mollit tempor amet quis. Veniam amet irure magna irure voluptate ipsum ipsum ex cillum dolore sunt in. Consequat nulla consectetur laboris veniam cillum fugiat elit voluptate.', 'https://via.placeholder.com/400/', 'https://via.placeholder.com/400/?text=ICON', '2022-03-21 06:38:11'),
(193, 7, 37.763520, -122.453373, 'Occaecat sint quis quis deserunt veniam laborum eu eu adipisicing aute officia elit labore. Reprehenderit anim in consequat enim anim officia incididunt Lorem occaecat Lorem cillum pariatur adipisicing nulla. Adipisicing deserunt ullamco elit quis excepteur ullamco.', 'https://via.placeholder.com/400/', 'https://via.placeholder.com/400/?text=ICON', '2022-03-22 10:25:44'),
(194, 39, 37.768390, -122.474452, 'Nostrud esse dolor mollit tempor irure sint. Eiusmod tempor veniam magna id qui veniam voluptate. Sint commodo proident et sunt esse est Lorem quis incididunt aliqua magna.', 'https://via.placeholder.com/400/', 'https://via.placeholder.com/400/?text=ICON', '2022-01-24 05:24:23'),
(195, 30, 37.703068, -122.407013, 'Fugiat ex eu tempor do non voluptate irure culpa nisi adipisicing incididunt. Aliquip nulla incididunt aliqua deserunt nisi pariatur sunt qui ullamco eu mollit. Cillum amet excepteur pariatur non nostrud cupidatat aliquip officia.', 'https://via.placeholder.com/400/', 'https://via.placeholder.com/400/?text=ICON', '2022-03-06 06:58:59'),
(196, 49, 37.764046, -122.402608, 'Qui tempor occaecat aliqua proident qui nisi eiusmod anim Lorem. Officia est cupidatat incididunt nostrud fugiat excepteur. Dolor proident excepteur laboris amet.', 'https://via.placeholder.com/400/', 'https://via.placeholder.com/400/?text=ICON', '2022-01-19 02:39:41'),
(197, 47, 37.785133, -122.434557, 'Nulla proident consectetur ut esse ipsum. Id dolor ex quis dolore sint occaecat esse ipsum ut. Labore qui laborum cupidatat mollit consectetur ad pariatur amet.', 'https://via.placeholder.com/400/', 'https://via.placeholder.com/400/?text=ICON', '2022-03-17 01:50:12'),
(198, 47, 37.730864, -122.413285, 'Sunt dolor dolor fugiat dolor consequat magna dolore elit adipisicing. Enim magna incididunt anim sit do. Consequat do magna ex elit esse do velit duis dolor consectetur velit ipsum culpa.', 'https://via.placeholder.com/400/', 'https://via.placeholder.com/400/?text=ICON', '2022-03-21 12:11:14'),
(199, 25, 37.787852, -122.468135, 'Et dolore eu anim enim minim et voluptate ad cillum non magna. In fugiat quis velit elit velit consectetur do veniam laboris pariatur velit dolore sint sit. Non sunt esse sit laborum id aliqua ex cillum excepteur adipisicing minim.', 'https://via.placeholder.com/400/', 'https://via.placeholder.com/400/?text=ICON', '2022-03-04 12:03:32'),
(200, 5, 37.753497, -122.437563, 'Ea et et eu commodo ea aliqua labore. Ex adipisicing id culpa irure aliqua. Consectetur culpa anim non ipsum eu sit consequat quis aliquip laborum.', 'https://via.placeholder.com/400/', 'https://via.placeholder.com/400/?text=ICON', '2022-01-26 10:55:10'),
(201, 30, 37.760195, -122.419763, 'Cupidatat voluptate sunt velit sit amet tempor adipisicing dolore nostrud culpa. Pariatur pariatur fugiat Lorem cillum anim tempor ad quis nisi velit laboris. Mollit aliquip ea elit Lorem exercitation ipsum do nisi pariatur.', 'https://via.placeholder.com/400/', 'https://via.placeholder.com/400/?text=ICON', '2022-04-04 03:24:22'),
(202, 46, 37.754801, -122.481688, 'Exercitation Lorem Lorem laboris in esse quis elit sunt consectetur tempor incididunt tempor. Nostrud Lorem commodo elit nisi duis officia consectetur sint id tempor. Aliqua irure dolor eiusmod consequat duis eiusmod dolore irure minim in.', 'https://via.placeholder.com/400/', 'https://via.placeholder.com/400/?text=ICON', '2022-04-02 12:02:15'),
(203, 21, 37.763658, -122.470443, 'Nulla laborum labore magna quis fugiat aliqua aliqua voluptate aliquip reprehenderit pariatur. Ad duis adipisicing aliqua esse nisi sunt consectetur. Id occaecat sint enim exercitation cillum.', 'https://via.placeholder.com/400/', 'https://via.placeholder.com/400/?text=ICON', '2022-01-18 03:37:20'),
(204, 12, 37.776142, -122.420618, 'Ad do enim est aliqua laboris occaecat ipsum minim quis dolor deserunt dolore do. Ea irure elit voluptate quis pariatur. Magna culpa reprehenderit culpa exercitation officia excepteur quis est ullamco laboris ut ex.', 'https://via.placeholder.com/400/', 'https://via.placeholder.com/400/?text=ICON', '2022-02-28 06:53:22'),
(205, 49, 37.706902, -122.405829, 'Lorem ullamco reprehenderit aliquip pariatur occaecat tempor elit fugiat ut aute non incididunt excepteur veniam. Amet nostrud velit nostrud non excepteur. Adipisicing duis id non voluptate exercitation.', 'https://via.placeholder.com/400/', 'https://via.placeholder.com/400/?text=ICON', '2022-01-31 10:05:24'),
(206, 7, 37.779844, -122.393593, 'Ipsum Lorem ut mollit occaecat duis enim nostrud non laboris adipisicing ut veniam irure. Occaecat laboris et ipsum culpa nulla mollit velit nostrud id exercitation ullamco qui tempor. Irure consectetur sunt magna do sint sint in consequat.', 'https://via.placeholder.com/400/', 'https://via.placeholder.com/400/?text=ICON', '2022-02-19 05:06:31'),
(207, 43, 37.702297, -122.491833, 'Officia ipsum pariatur laborum dolor reprehenderit in Lorem veniam sit adipisicing reprehenderit. Duis dolor amet pariatur enim excepteur dolor officia commodo ullamco pariatur esse tempor sint non. Adipisicing cupidatat est qui minim in nisi laborum.', 'https://via.placeholder.com/400/', 'https://via.placeholder.com/400/?text=ICON', '2022-01-07 06:01:32'),
(208, 17, 37.795107, -122.450230, 'Amet proident est velit culpa est non commodo pariatur Lorem commodo. Velit irure est voluptate enim officia sint aliquip excepteur do cupidatat eu ipsum duis laborum. Elit ullamco ut nisi consequat incididunt nulla aliquip.', 'https://via.placeholder.com/400/', 'https://via.placeholder.com/400/?text=ICON', '2022-02-28 10:15:28'),
(209, 15, 37.765311, -122.457373, 'Exercitation laborum aute aute occaecat ad proident sit laborum fugiat Lorem elit labore exercitation qui. Culpa aute anim tempor consequat eu magna ullamco duis ea magna eu quis mollit minim. Reprehenderit anim deserunt culpa sunt.', 'https://via.placeholder.com/400/', 'https://via.placeholder.com/400/?text=ICON', '2022-03-17 10:59:11'),
(210, 23, 37.727345, -122.422518, 'Eiusmod fugiat laborum reprehenderit consectetur minim minim aliquip aliquip sint proident Lorem consectetur elit. Irure irure occaecat commodo exercitation duis pariatur quis deserunt mollit est magna mollit. Ullamco duis adipisicing eiusmod laboris aliqua eu ipsum qui.', 'https://via.placeholder.com/400/', 'https://via.placeholder.com/400/?text=ICON', '2022-03-18 05:45:00'),
(211, 5, 37.795295, -122.419686, 'Laborum ut amet nostrud quis excepteur ullamco labore cupidatat. Et ad culpa reprehenderit nostrud qui ad cupidatat irure incididunt fugiat exercitation pariatur esse. Nulla magna deserunt laborum do aliquip eiusmod do id deserunt aliquip veniam deserunt voluptate.', 'https://via.placeholder.com/400/', 'https://via.placeholder.com/400/?text=ICON', '2022-02-17 02:19:46'),
(212, 22, 37.745985, -122.502762, 'Sint quis quis incididunt aute velit commodo. Magna ipsum velit duis sint magna adipisicing sunt elit ut id commodo ad commodo id. Mollit tempor ad ea laboris aute qui anim eiusmod officia duis officia et.', 'https://via.placeholder.com/400/', 'https://via.placeholder.com/400/?text=ICON', '2022-02-07 01:42:34'),
(213, 25, 37.738521, -122.472805, 'Veniam Lorem ea do nulla. Irure eu eiusmod dolore ea. Irure labore sunt Lorem excepteur veniam dolor exercitation eu voluptate occaecat minim.', 'https://via.placeholder.com/400/', 'https://via.placeholder.com/400/?text=ICON', '2022-03-11 05:56:23'),
(214, 1, 37.787052, -122.391425, 'Adipisicing ipsum sit nisi adipisicing incididunt dolore dolore eu veniam aliqua aliquip Lorem sunt. Mollit laboris ut eu elit non. Irure exercitation ut esse labore.', 'https://via.placeholder.com/400/', 'https://via.placeholder.com/400/?text=ICON', '2022-02-17 12:51:47'),
(215, 43, 37.690594, -122.502960, 'Culpa est nisi dolore amet et proident quis sit consequat est. Lorem ex sunt qui aliqua non cupidatat aute eiusmod nostrud. Ut laboris qui reprehenderit ut excepteur veniam.', 'https://via.placeholder.com/400/', 'https://via.placeholder.com/400/?text=ICON', '2022-01-21 04:50:07'),
(216, 17, 37.799527, -122.426519, 'Sit Lorem occaecat non excepteur nulla dolore laboris. Reprehenderit voluptate dolor eiusmod quis. Nisi occaecat commodo anim commodo dolore in eu magna veniam aliqua sunt duis cillum anim.', 'https://via.placeholder.com/400/', 'https://via.placeholder.com/400/?text=ICON', '2022-01-06 10:58:03'),
(217, 18, 37.773272, -122.411880, 'Aute ipsum ullamco nostrud ut. Aute ullamco amet aute enim cupidatat ipsum voluptate ea sit ullamco dolor exercitation aliquip cupidatat. Minim culpa excepteur ipsum ad cupidatat ipsum aliqua ex occaecat.', 'https://via.placeholder.com/400/', 'https://via.placeholder.com/400/?text=ICON', '2022-04-04 07:59:07'),
(218, 50, 37.689964, -122.465933, 'Lorem non cillum incididunt exercitation nostrud fugiat officia occaecat. Excepteur non incididunt esse dolore ipsum culpa aute aliqua officia occaecat ut mollit. Minim commodo aliqua laborum ex.', 'https://via.placeholder.com/400/', 'https://via.placeholder.com/400/?text=ICON', '2022-04-04 07:05:29'),
(219, 47, 37.736164, -122.419453, 'Ut est amet ut id. Consequat nostrud consequat Lorem mollit amet adipisicing commodo culpa. Esse nisi amet tempor duis fugiat magna ullamco et labore amet.', 'https://via.placeholder.com/400/', 'https://via.placeholder.com/400/?text=ICON', '2022-02-10 03:30:57'),
(220, 35, 37.698397, -122.463694, 'Irure ipsum in est excepteur ut. Aliqua exercitation quis ex excepteur laboris sint ut voluptate sint. Ad Lorem laboris sint sit cupidatat nostrud esse commodo.', 'https://via.placeholder.com/400/', 'https://via.placeholder.com/400/?text=ICON', '2022-02-24 05:00:25'),
(221, 46, 37.784605, -122.456663, 'Culpa culpa eu aliquip laboris enim. Amet sit minim culpa amet amet exercitation. Voluptate pariatur sint est non consectetur amet ex cupidatat anim et sint nostrud commodo adipisicing.', 'https://via.placeholder.com/400/', 'https://via.placeholder.com/400/?text=ICON', '2022-03-04 08:33:08'),
(222, 29, 37.744325, -122.491019, 'Deserunt aliqua consequat consequat ullamco do sint. Fugiat mollit consequat id ea ex cupidatat. Dolor aliquip eu nostrud proident laborum culpa.', 'https://via.placeholder.com/400/', 'https://via.placeholder.com/400/?text=ICON', '2022-01-16 08:30:14'),
(223, 11, 37.756509, -122.410607, 'Amet dolor fugiat consequat sint est adipisicing duis Lorem non nulla commodo commodo quis pariatur. Cupidatat mollit eiusmod laborum aliquip cillum tempor ullamco anim dolor magna non ullamco. Do quis ea culpa in Lorem amet minim.', 'https://via.placeholder.com/400/', 'https://via.placeholder.com/400/?text=ICON', '2022-02-11 06:54:29'),
(224, 50, 37.713376, -122.489163, 'Cupidatat sit ullamco nulla est aute laborum fugiat pariatur tempor duis veniam deserunt. Labore anim id minim ipsum cupidatat veniam. Id ad ullamco esse proident est.', 'https://via.placeholder.com/400/', 'https://via.placeholder.com/400/?text=ICON', '2022-01-19 01:15:28'),
(225, 36, 37.774314, -122.401046, 'Qui excepteur ut irure dolore ad nisi pariatur. Labore eiusmod minim id quis cupidatat laboris dolor id officia. Elit qui incididunt ex nisi nostrud consectetur.', 'https://via.placeholder.com/400/', 'https://via.placeholder.com/400/?text=ICON', '2022-03-23 10:35:07'),
(226, 15, 37.694800, -122.393438, 'Cupidatat aliqua fugiat aliqua cupidatat culpa ullamco aute nisi. Exercitation veniam non consequat culpa eiusmod anim magna magna incididunt. In ipsum laboris fugiat voluptate eu quis anim Lorem.', 'https://via.placeholder.com/400/', 'https://via.placeholder.com/400/?text=ICON', '2022-02-27 01:02:28'),
(227, 41, 37.789622, -122.462895, 'Commodo voluptate in eu et. Dolore nisi cillum id ut esse nostrud labore eiusmod qui irure do laboris. Ipsum minim minim ut amet irure deserunt.', 'https://via.placeholder.com/400/', 'https://via.placeholder.com/400/?text=ICON', '2022-03-19 12:41:58'),
(228, 17, 37.793904, -122.394528, 'Laboris in commodo dolor enim cupidatat et ea nisi consequat cupidatat incididunt non anim. Incididunt laboris reprehenderit nisi aliquip adipisicing non nulla ea reprehenderit nostrud elit. Aliqua elit Lorem laboris adipisicing nisi amet labore ipsum.', 'https://via.placeholder.com/400/', 'https://via.placeholder.com/400/?text=ICON', '2022-02-04 09:29:36'),
(229, 3, 37.718291, -122.485052, 'Labore officia sint dolore cupidatat ipsum sint cupidatat mollit occaecat esse commodo. Reprehenderit exercitation excepteur cillum ex labore. Qui enim sint enim sint tempor pariatur tempor magna ut est.', 'https://via.placeholder.com/400/', 'https://via.placeholder.com/400/?text=ICON', '2022-01-09 04:30:12'),
(230, 38, 37.698895, -122.412724, 'Cillum exercitation nulla amet ipsum fugiat cillum deserunt id. Fugiat mollit officia ut anim. Est fugiat dolor sint velit et elit veniam in.', 'https://via.placeholder.com/400/', 'https://via.placeholder.com/400/?text=ICON', '2022-01-26 04:55:21'),
(231, 35, 37.706441, -122.500111, 'Sit magna duis minim aliquip cupidatat et ut labore sunt ea consectetur cillum. Laborum laboris veniam reprehenderit occaecat ut quis pariatur labore ut dolor culpa elit elit. Consequat culpa qui Lorem pariatur proident est est.', 'https://via.placeholder.com/400/', 'https://via.placeholder.com/400/?text=ICON', '2022-04-08 01:07:59'),
(232, 8, 37.752318, -122.469948, 'Culpa qui sint irure sunt officia aute voluptate do. Aliqua aliquip magna fugiat labore esse anim. Eu laborum cupidatat deserunt dolore veniam ex in adipisicing elit ea minim.', 'https://via.placeholder.com/400/', 'https://via.placeholder.com/400/?text=ICON', '2022-03-09 03:09:15'),
(233, 48, 37.786773, -122.393369, 'Aliquip Lorem eu aliquip id proident sint officia. Commodo est qui ullamco mollit veniam cillum amet occaecat tempor ex et. Magna aliqua nostrud non duis in duis fugiat elit nostrud.', 'https://via.placeholder.com/400/', 'https://via.placeholder.com/400/?text=ICON', '2022-03-28 08:15:07'),
(234, 50, 37.697203, -122.459055, 'Velit id dolor laborum ipsum. Laborum irure culpa laboris incididunt nostrud ad enim laborum. Sit ea consequat tempor anim ullamco pariatur enim consectetur duis.', 'https://via.placeholder.com/400/', 'https://via.placeholder.com/400/?text=ICON', '2022-02-15 05:15:07'),
(235, 15, 37.754667, -122.490343, 'Voluptate duis fugiat aliqua reprehenderit commodo est cupidatat eiusmod elit ad ipsum consectetur. Laborum in exercitation fugiat proident. Sunt ea laborum dolor laborum anim adipisicing ex esse in magna et.', 'https://via.placeholder.com/400/', 'https://via.placeholder.com/400/?text=ICON', '2022-01-21 07:59:12'),
(236, 42, 37.718366, -122.458538, 'Qui veniam cupidatat laborum pariatur eiusmod anim. Adipisicing deserunt pariatur proident elit ullamco cillum cupidatat est nostrud culpa esse. Est sit sit pariatur aliqua amet cupidatat duis ex occaecat ut in esse est.', 'https://via.placeholder.com/400/', 'https://via.placeholder.com/400/?text=ICON', '2022-01-29 05:52:39'),
(237, 12, 37.787467, -122.501096, 'Proident tempor ipsum non sint. Officia eiusmod ea do ex laboris tempor quis quis quis velit. Commodo nostrud enim duis ex voluptate quis anim excepteur sit cillum irure tempor dolor.', 'https://via.placeholder.com/400/', 'https://via.placeholder.com/400/?text=ICON', '2022-03-27 03:18:50'),
(238, 14, 37.746784, -122.393791, 'Minim consectetur labore adipisicing fugiat nostrud laborum ullamco est ea veniam enim aliquip. Ullamco exercitation nisi sit laboris sint et ad voluptate adipisicing qui commodo et. Ex amet labore sint eu sit laborum ullamco.', 'https://via.placeholder.com/400/', 'https://via.placeholder.com/400/?text=ICON', '2022-02-04 03:39:30'),
(239, 11, 37.695660, -122.459288, 'Est ad pariatur cupidatat culpa consequat enim. Pariatur commodo officia minim ex eiusmod ad eiusmod commodo aliqua. Adipisicing exercitation duis consequat deserunt consectetur do.', 'https://via.placeholder.com/400/', 'https://via.placeholder.com/400/?text=ICON', '2022-03-05 07:17:58'),
(240, 34, 37.763083, -122.433870, 'Ullamco veniam ea proident commodo sint consequat. Quis aliquip ullamco ullamco sunt veniam consequat fugiat. Nulla fugiat Lorem aliquip est laborum anim adipisicing.', 'https://via.placeholder.com/400/', 'https://via.placeholder.com/400/?text=ICON', '2022-01-01 09:40:20'),
(241, 10, 37.696443, -122.413981, 'Nostrud deserunt minim non reprehenderit excepteur incididunt enim aute sint reprehenderit enim anim. Veniam amet eiusmod et incididunt exercitation eu voluptate ut commodo. Ipsum voluptate tempor consequat do non culpa.', 'https://via.placeholder.com/400/', 'https://via.placeholder.com/400/?text=ICON', '2022-03-28 12:41:17'),
(242, 41, 37.730694, -122.394709, 'Cupidatat sint amet ad ut amet labore consequat enim. Non nulla incididunt eiusmod sint esse anim sunt in sint qui laborum. Duis adipisicing eu incididunt eu excepteur.', 'https://via.placeholder.com/400/', 'https://via.placeholder.com/400/?text=ICON', '2022-04-05 04:52:14'),
(243, 37, 37.695244, -122.446749, 'Magna non ex culpa non dolor amet reprehenderit nisi. Nostrud mollit nisi cillum fugiat laboris. Ad velit est irure labore adipisicing sint cillum.', 'https://via.placeholder.com/400/', 'https://via.placeholder.com/400/?text=ICON', '2022-02-12 02:21:24'),
(244, 38, 37.708608, -122.411761, 'Esse irure non nulla veniam magna aliqua irure cupidatat occaecat anim irure ex. Nulla pariatur ullamco occaecat sint duis deserunt irure quis ipsum aute labore magna. Cillum ullamco magna dolore deserunt ex reprehenderit culpa dolor magna sunt et fugiat cillum.', 'https://via.placeholder.com/400/', 'https://via.placeholder.com/400/?text=ICON', '2022-04-10 03:29:35'),
(245, 38, 37.739195, -122.452537, 'Sit non quis veniam est. Sunt proident dolore excepteur elit. Et nostrud occaecat consectetur velit Lorem culpa aliquip officia dolore qui sint sunt sit incididunt.', 'https://via.placeholder.com/400/', 'https://via.placeholder.com/400/?text=ICON', '2022-03-31 01:42:48'),
(246, 42, 37.798192, -122.414584, 'Est id irure aliqua velit pariatur pariatur cillum aute ad et est. Consequat commodo ea cillum in Lorem adipisicing sit consequat ea tempor cupidatat proident. Aute ipsum ipsum dolor incididunt ipsum culpa ad irure.', 'https://via.placeholder.com/400/', 'https://via.placeholder.com/400/?text=ICON', '2022-02-08 03:01:03'),
(247, 38, 37.785186, -122.392493, 'Non culpa magna culpa non cupidatat ullamco id aliqua Lorem laboris reprehenderit nostrud. Fugiat sint est nostrud sint Lorem duis fugiat cupidatat nulla quis pariatur dolor. Commodo labore aliqua quis id ad cupidatat elit ut non mollit mollit laborum occaecat nostrud.', 'https://via.placeholder.com/400/', 'https://via.placeholder.com/400/?text=ICON', '2022-01-02 04:32:23'),
(248, 19, 37.790964, -122.501143, 'Consectetur reprehenderit velit id eu enim incididunt occaecat esse. Ad anim nulla culpa ad cupidatat commodo. Exercitation laborum voluptate anim incididunt sit exercitation commodo voluptate enim commodo velit ex id.', 'https://via.placeholder.com/400/', 'https://via.placeholder.com/400/?text=ICON', '2022-01-20 02:44:17'),
(249, 32, 37.781440, -122.497157, 'Amet esse occaecat deserunt anim culpa consectetur sit eu ipsum. Nostrud cillum proident aliquip amet aliqua eu. Nulla incididunt laborum nisi nisi excepteur occaecat eu.', 'https://via.placeholder.com/400/', 'https://via.placeholder.com/400/?text=ICON', '2022-03-17 01:17:17'),
(250, 24, 37.765700, -122.492306, 'Qui qui sunt officia voluptate. Officia voluptate nisi ullamco incididunt reprehenderit deserunt aute fugiat proident. Tempor irure ipsum incididunt elit esse qui est aute ad.', 'https://via.placeholder.com/400/', 'https://via.placeholder.com/400/?text=ICON', '2022-02-20 08:06:00'),
(251, 63, 37.764938, -122.443750, 'asd', 'https://via.placeholder.com/400/?text=PHOTO', 'https://via.placeholder.com/400/?text=ICON', '2022-05-10 16:10:52'),
(252, 63, 37.774849, -122.445254, 'asd', 'https://via.placeholder.com/400/?text=PHOTO', 'https://via.placeholder.com/400/?text=ICON', '2022-05-10 16:13:05'),
(253, 63, 37.775750, -122.422338, 'j j j', 'https://via.placeholder.com/400/?text=PHOTO', 'https://via.placeholder.com/400/008000?text=ICON', '2022-05-10 17:51:38'),
(254, 63, 37.775750, -122.422338, 'j j j', 'https://via.placeholder.com/400/?text=PHOTO', 'https://via.placeholder.com/400/008000?text=ICON', '2022-05-10 17:53:17'),
(255, 63, 37.743193, -122.421167, 'kk', 'https://via.placeholder.com/400/?text=PHOTO', 'https://via.placeholder.com/400/008000?text=ICON', '2022-05-17 17:17:19'),
(256, 65, 37.750152, -122.440643, 'kk', 'https://via.placeholder.com/400/?text=PHOTO', 'https://via.placeholder.com/400/008000?text=ICON', '2022-05-17 17:35:45'),
(257, 65, 37.787839, -122.440121, 'new', 'https://via.placeholder.com/400/?text=PHOTO', 'location_icon.png', '2022-05-23 20:45:43'),
(258, 65, 37.787295, -122.442466, 'ewew', 'https://via.placeholder.com/400/?text=PHOTO', 'img/location_icon.png', '2022-05-23 20:46:28'),
(259, 14, 37.761257, -122.445087, 'good', 'https://via.placeholder.com/400/?text=PHOTO', 'img/location_icon.png', '2022-05-23 22:58:56'),
(260, 43, 37.778108, -122.501018, 'good', 'https://via.placeholder.com/400/?text=PHOTO', 'img/location_icon.png', '2022-05-23 22:59:56'),
(261, 14, 37.778108, -122.501018, 'good', 'https://via.placeholder.com/400/?text=PHOTO', 'img/location_icon.png', '2022-05-23 23:00:14'),
(262, 14, 37.783474, -122.439366, 'ddd', 'https://via.placeholder.com/400/?text=PHOTO', 'img/location_icon.png', '2022-05-23 23:02:54'),
(263, 23, 37.788139, -122.456779, 'ddd', 'https://via.placeholder.com/400/?text=PHOTO', 'img/location_icon.png', '2022-05-23 23:07:53'),
(264, 23, 37.788383, -122.452871, 'ddd2', 'https://via.placeholder.com/400/?text=PHOTO', 'img/location_icon.png', '2022-05-23 23:08:09'),
(265, 23, 37.788383, -122.452871, 'ddd2', 'https://via.placeholder.com/400/?text=PHOTO', 'img/location_icon.png', '2022-05-23 23:12:53'),
(266, 19, 37.778313, -122.482538, 'ddd', 'https://via.placeholder.com/400/?text=PHOTO', 'img/location_icon.png', '2022-05-23 23:18:58'),
(267, 43, 37.776904, -122.499673, 'ddd4', 'https://via.placeholder.com/400/?text=PHOTO', 'img/location_icon.png', '2022-05-23 23:19:24'),
(268, 43, 37.750555, -122.441377, '-2', 'https://via.placeholder.com/400/?text=PHOTO', 'img/location_icon.png', '2022-05-23 23:21:48'),
(269, 43, 37.748930, -122.470926, '-2', 'https://via.placeholder.com/400/?text=PHOTO', 'img/location_icon.png', '2022-05-23 23:22:07'),
(270, 23, 37.704807, -122.412780, '$', 'https://via.placeholder.com/400/?text=PHOTO', 'img/location_icon.png', '2022-05-23 23:23:48'),
(271, 23, 37.767504, -122.451353, '$', 'https://via.placeholder.com/400/?text=PHOTO', 'img/location_icon.png', '2022-05-23 23:24:49'),
(272, 23, 37.640889, -122.487587, '$$', 'https://via.placeholder.com/400/?text=PHOTO', 'img/location_icon.png', '2022-05-23 23:25:09'),
(273, 1, 37.781095, -122.399540, '', 'https://via.placeholder.com/400/?text=PHOTO', 'img/location_icon.png', '2022-05-24 00:53:15'),
(274, 29, 37.783244, -122.452347, 'ax', 'https://via.placeholder.com/400/?text=PHOTO', 'img/location_icon.png', '2022-05-24 12:06:16'),
(275, 9, 37.787995, -122.443705, 'xdc', 'https://via.placeholder.com/400/?text=PHOTO', 'img/location_icon.png', '2022-05-24 13:59:34'),
(276, 67, 37.768106, -122.501101, 'standing on their hind legs', 'https://via.placeholder.com/400/?text=PHOTO', 'img/location_icon.png', '2022-05-24 14:21:41'),
(277, 67, 37.775443, -122.481117, 'spot again', 'https://via.placeholder.com/400/?text=PHOTO', 'img/location_icon.png', '2022-05-24 14:22:40'),
(278, 67, 37.743929, -122.447980, 'spot againnn', 'https://via.placeholder.com/400/?text=PHOTO', 'img/location_icon.png', '2022-05-24 14:23:18'),
(279, 0, 37.759301, -122.443246, 'red fur across the face', 'https://via.placeholder.com/400/?text=PHOTO', 'img/location_icon.png', '2022-05-24 15:11:47'),
(280, 68, 37.759301, -122.443246, 'red fur across the face', 'https://via.placeholder.com/400/?text=PHOTO', 'img/location_icon.png', '2022-05-24 15:12:06'),
(281, 69, 37.670857, -122.493648, 'spoted', 'https://via.placeholder.com/400/?text=PHOTO', 'img/location_icon.png', '2022-05-24 15:39:40'),
(282, 69, 37.640120, -122.473449, 'spotedddd', 'https://via.placeholder.com/400/?text=PHOTO', 'img/location_icon.png', '2022-05-24 15:40:15'),
(283, 70, 37.792649, -122.028957, 'Large one', 'https://via.placeholder.com/400/?text=PHOTO', 'img/location_icon.png', '2022-05-24 15:43:46'),
(284, 71, 37.392185, -122.323164, 'cute bird', 'https://via.placeholder.com/400/?text=PHOTO', 'img/location_icon.png', '2022-05-24 15:47:20'),
(285, 69, 37.757987, -122.449933, 'aaa', 'https://via.placeholder.com/400/?text=PHOTO', 'img/location_icon.png', '2022-05-24 16:09:51'),
(286, 72, 37.805834, -122.438859, 'bbb', 'https://via.placeholder.com/400/?text=PHOTO', 'img/location_icon.png', '2022-05-24 16:38:52'),
(287, 67, 37.788108, -122.455720, 'noway', 'https://via.placeholder.com/400/?text=PHOTO', 'img/location_icon.png', '2022-05-24 16:49:35');

-- --------------------------------------------------------

--
-- Table structure for table `track_users`
--

CREATE TABLE `track_users` (
  `id` int(13) NOT NULL,
  `name` varchar(64) NOT NULL,
  `username` varchar(64) NOT NULL,
  `email` varchar(128) NOT NULL,
  `password` varchar(32) NOT NULL,
  `img` varchar(256) NOT NULL,
  `date_create` datetime NOT NULL
) ENGINE=InnoDB DEFAULT CHARSET=latin1;

--
-- Dumping data for table `track_users`
--

INSERT INTO `track_users` (`id`, `name`, `username`, `email`, `password`, `img`, `date_create`) VALUES
(1, 'Goodwin Fisher', 'user1', 'user1@gmail.com', '1a1dc91c907325c69271ddf0c944bc72', 'uploads/1652816749.9432_user.jpg', '2022-01-13 01:27:36'),
(2, 'Marta Benton', 'user2', 'user2@gmail.com', '1a1dc91c907325c69271ddf0c944bc72', 'https://via.placeholder.com/400/957/fff/?text=user2', '2022-03-31 01:44:21'),
(3, 'Aisha Seller', 'user3', 'user3@gmail.com', '1a1dc91c907325c69271ddf0c944bc72', 'uploads/1653377937.2698_paw.png', '2022-01-01 04:06:47'),
(4, 'user4', 'Reyes Bank', 'user4@gmail.com', '1a1dc91c907325c69271ddf0c944bc72', 'https://via.placeholder.com/400/899/fff/?text=user4', '2022-02-01 11:57:13'),
(5, 'Garner Albert', 'user5', 'user5@gmail.com', '1a1dc91c907325c69271ddf0c944bc72', 'https://via.placeholder.com/400/973/fff/?text=user5', '2022-01-12 07:14:23'),
(6, 'Johanna Black', 'user6', 'user6@gmail.com', '1a1dc91c907325c69271ddf0c944bc72', 'uploads/1653368292.6638_beaver.jpg', '2022-01-20 10:58:02'),
(7, 'Bertie Gentry', 'user7', 'user7@gmail.com', '1a1dc91c907325c69271ddf0c944bc72', 'https://via.placeholder.com/400/885/fff/?text=user7', '2022-04-06 06:09:17'),
(8, 'Stout Mooney', 'user8', 'user8@gmail.com', '1a1dc91c907325c69271ddf0c944bc72', 'https://via.placeholder.com/400/849/fff/?text=user8', '2022-02-20 07:00:34'),
(9, 'Kayla Browning', 'user9', 'user9@gmail.com', '1a1dc91c907325c69271ddf0c944bc72', 'https://via.placeholder.com/400/842/fff/?text=user9', '2022-01-27 09:15:35'),
(10, 'Nadia Brewer', 'user10', 'user10@gmail.com', '1a1dc91c907325c69271ddf0c944bc72', 'https://via.placeholder.com/400/758/fff/?text=user10', '2022-01-09 03:21:04'),
(11, 'dan', 'Reyes', 'dan@gmail.com', 'cd0acfe085eeb0f874391fb9b8009bed', 'https://via.placeholder.com/400/?text=USER', '2022-05-04 16:29:52'),
(12, 'Reyes', 'user0', 'user0@gmail.com', '1a1dc91c907325c69271ddf0c944bc72', 'uploads/1653426797.2372_user.jpg', '2022-05-24 14:12:38'),
(13, 'what', 'yy642', 'yyanguestc@hotmail.com', '6d579e0ece35cd2319acefc4ed3614b0', 'uploads/1653436053.7669_5B79D5F2-2BDB-4ACE-B7BC-B574B37BFC98.jpeg', '2022-05-24 16:46:52');

--
-- Indexes for dumped tables
--

--
-- Indexes for table `track_animals`
--
ALTER TABLE `track_animals`
  ADD PRIMARY KEY (`id`);

--
-- Indexes for table `track_locations`
--
ALTER TABLE `track_locations`
  ADD PRIMARY KEY (`id`);

--
-- Indexes for table `track_users`
--
ALTER TABLE `track_users`
  ADD PRIMARY KEY (`id`);

--
-- AUTO_INCREMENT for dumped tables
--

--
-- AUTO_INCREMENT for table `track_animals`
--
ALTER TABLE `track_animals`
  MODIFY `id` int(13) NOT NULL AUTO_INCREMENT, AUTO_INCREMENT=76;

--
-- AUTO_INCREMENT for table `track_locations`
--
ALTER TABLE `track_locations`
  MODIFY `id` int(13) NOT NULL AUTO_INCREMENT, AUTO_INCREMENT=288;

--
-- AUTO_INCREMENT for table `track_users`
--
ALTER TABLE `track_users`
  MODIFY `id` int(13) NOT NULL AUTO_INCREMENT, AUTO_INCREMENT=14;
COMMIT;

/*!40101 SET CHARACTER_SET_CLIENT=@OLD_CHARACTER_SET_CLIENT */;
/*!40101 SET CHARACTER_SET_RESULTS=@OLD_CHARACTER_SET_RESULTS */;
/*!40101 SET COLLATION_CONNECTION=@OLD_COLLATION_CONNECTION */;
